Disease,Symptoms
Emotional pain,"['remember', 'feel']"
Hair falling out,"['carry', 'heavy', 'things', 'feel', 'like', 'break', 'back']"
Heart hurts,"['much', 'pain', 'move', 'arm']"
Infected wound,"['son', 'lip', 'pierce', 'swell', 'skin', 'inside', 'lip', 'grey', 'look', 'infect']"
Infected wound,"['muscle', 'lower', 'back', 'ache']"
Foot ache,"['muscle', 'pain', 'back', 'muscle', 'pain', 'back', 'leg']"
Shoulder pain,"['muscle', 'pain', 'leave', 'leg']"
Injury from sports,"['cut', 'finger', 'play', 'football', 'apply', 'pain', 'relief', 'cream', 'help']"
Skin issue,"['acne', 'face', 'problems', 'derma', 'like', 'itch']"
Foot ache,"['strange', 'rash', 'arm']"
Stomach ache,"['sharp', 'pain', 'lower', 'stomach']"
Knee pain,"['knee', 'pain', 'walk', 'lot']"
Heart hurts,"['dr', 'feel', 'strange', 'powerful', 'pain', 'inside', 'rib', 'cage']"
Joint pain,"['dont', 'cry']"
Heart hurts,['dia']
Hard to breath,"['use', 'breath', 'go', 'dozen', 'stairs', 'struggle', 'breath', 'even', 'sit']"
Hard to breath,"['feel', 'hard', 'breath', 'specially', 'run', 'make', 'effort']"
Head ache,"['read', 'book', 'along', 'time', 'finish', 'read', 'feel', 'head', 'ache']"
Injury from sports,"['cant', 'sleep', 'cold']"
Skin issue,"['infect', 'wind', 'cause', 'fever']"
Body feels weak,"['lose', 'lot', 'hair']"
Feeling dizzy,"['feel', 'dizzy', 'severe', 'diarrhea']"
Back pain,"['feel', 'pain', 'back']"
Open wound,"['laceration', 'rupture', 'open', 'skin']"
Back pain,"['back', 'hurt', 'cant', 'bend', 'walk']"
Head ache,"['head', 'hurt', 'whenever', 'try', 'something']"
Skin issue,"['dark', 'spot', 'skin']"
Internal pain,"['feel', 'sharp', 'pain', 'stomach']"
Body feels weak,"['cant', 'anything', 'feel', 'weak', 'body']"
Blurry vision,"['cloudy', 'eye']"
Back pain,"['back', 'pain', 'since', 'turn', '70', 'years', 'old']"
Blurry vision,"['try', 'put', 'glass', 'see', 'clear', 'cant', 'find', 'change']"
Acne,"['feel', 'deep', 'tingle', 'touch', 'acne', 'follow', 'bad', 'sensation']"
Acne,"['acne', 'get', 'worse', 'hot']"
Hard to breath,"['sometimes', 'feel', 'like', 'claw', 'chest', 'leave', 'breathless']"
Muscle pain,"['abdominal', 'muscle', 'great', 'pain', 'since', 'gym']"
Injury from sports,"['back', 'get', 'injure', 'lift', 'gym']"
Joint pain,"['ankle', 'hurt']"
Infected wound,"['think', 'wind', 'infect']"
Knee pain,"['feel', 'pain', 'knee']"
Skin issue,"['skin', 'dry', 'peel']"
Shoulder pain,"['cant', 'move', 'shoulder', 'pain']"
Feeling dizzy,"['wake', 'morning', 'feel', 'dizzy']"
Hair falling out,"['hair', 'fall', 'huge', 'amount']"
Neck pain,"['sharp', 'pain', 'neck']"
Muscle pain,"['pain', 'muscle', 'know', 'cause']"
Hard to breath,"['problem', 'expiration', 'abronchial', 'asthma']"
Feeling dizzy,"['every', 'time', 'make', 'effort', 'felt', 'dizzy']"
Neck pain,"['powerful', 'pain', 'inside', 'neck']"
Internal pain,"['pain', 'internal']"
Acne,"['chronic', 'disease', 'hair', 'follicles', 'sebaceous', 'glands']"
Emotional pain,"['feel', 'huge', 'emotional', 'pain', 'break', 'girlfriend']"
Feeling dizzy,"['stand', 'quickly', 'start', 'feel', 'dizzy', 'lightheaded']"
Heart hurts,"['often', 'get', 'sharp', 'pain', 'chest', 'cant', 'tell', 'im', 'might', 'trigger']"
Joint pain,"['feel', 'like', 'whole', 'body', 'complain']"
Knee pain,"['knee', 'hurt', 'play', 'squash']"
Blurry vision,"['cant', 'see', 'well']"
Skin issue,"['try', 'alot', 'cream', 'still', 'feel', 'skin', 'problem']"
Shoulder pain,"['feel', 'like', 'someone', 'stick', 'knife', 'shoulder']"
Muscle pain,"['feel', 'burn', 'sensation', 'shoulder', 'muscle']"
Open wound,"['cut', 'foot', 'pool', 'break', 'open', 'every', 'day', 'walk']"
Knee pain,"['knee', 'catch', 'hurt', 'first', 'stand', 'sit']"
Infected wound,"['cut', 'hand', 'couple', 'weeks', 'ago', 'even', 'though', 'keep', 'use', 'antibiotic', 'cream', 'get', 'better']"
Shoulder pain,"['feel', 'pain', 'shoulder', 'write', 'keyboard']"
Blurry vision,"['problem', 'see', 'object', 'difficult', 'see']"
Open wound,"['glass', 'break', 'wind', 'leg', 'badly', 'wind', 'wide']"
Blurry vision,"['blurry', 'vision', 'swim', 'train', 'pool']"
Foot ache,"['love', 'walk', 'outside', 'bottom', 'feet', 'get', 'sore', 'quickly']"
Joint pain,"['feel', 'pain', 'knee', 'climb', 'stairs']"
Body feels weak,"['get', 'tire', 'fast', 'barely', 'put', 'clothe', 'morning']"
Knee pain,"['knee', 'hurt', 'walk']"
Neck pain,"['cant', 'rotate', 'neck']"
Infected wound,"['son', 'nick', 'neck', 'old', 'razor', 'spot', 'become', 'inflame', 'look', 'like', 'infect']"
Back pain,"['problem', 'back', 'extend']"
Foot ache,"['cant', 'walk', 'great', 'foot', 'ache']"
Heart hurts,"['heart', 'beat', 'fast', 'scar']"
Acne,"['use', 'acne', '15', 'years', 'old']"
Muscle pain,"['muscle', 'lower', 'back', 'ache']"
Muscle pain,"['shoulder', 'muscle', 'hurt', 'try', 'reach']"
Heart hurts,"['feel', 'heart', 'pain', 'walk', 'lot']"
Hair falling out,"['hair', 'fall', 'huge', 'amount']"
Back pain,"['feel', 'pain', 'back']"
Skin issue,"['skin', 'itchy', 'inflame']"
Blurry vision,"['cant', 'see', 'well']"
Cough,"['cold', 'make', 'cough', 'alot']"
Cough,"['dry', 'throat']"
Ear ache,"['im', 'hear', 'well', 'problem', 'ear']"
Foot ache,"['foot', 'hurt', 'much']"
Hair falling out,"['shower', 'drain', 'full', 'hair', 'every', 'time']"
Head ache,"['front', 'head', 'pain', 'get', 'light', 'bother']"
Acne,"['even', 'though', 'im', 'adult', 'face', 'keep', 'break', 'pimples']"
Body feels weak,"['get', 'bed', 'morning', 'body', 'feel', 'weak']"
Knee pain,"['knee', 'catch', 'hurt', 'first', 'stand', 'sit']"
Infected wound,"['surgical', 'wound', 'red', 'fire', 'pus', 'painful', 'hot', 'touch']"
Joint pain,"['feel', 'like', 'something', 'jab', 'joint']"
Foot ache,"['arch', 'feet', 'hurt', 'wear', 'heel']"
Back pain,"['feel', 'pain', 'lower', 'back']"
Head ache,"['dull', 'ache', 'head']"
Foot ache,"['arch', 'feet', 'hurt', 'wear', 'heel']"
Neck pain,"['feel', 'pain', 'neck']"
Neck pain,"['sharp', 'pain', 'neck']"
Internal pain,"['pain', 'cant', 'specify', 'place']"
Ear ache,"['ear', 'ache', 'wont', 'go', 'away', 'dont', 'cold', 'headache', 'symptoms', 'earache']"
Blurry vision,"['cloudy', 'eye']"
Joint pain,"['feel', 'joint', 'pain', 'every', 'time', 'move']"
Stomach ache,"['hard', 'pain', 'stomach']"
Ear ache,"['leave', 'ear', 'ok', 'right', 'one', 'feel', 'like', 'stab', 'nail']"
Muscle pain,"['need', 'kind', 'cream', 'wich', 'make', 'muscle', 'relax']"
Back pain,"['back', 'pain', 'since', 'fell', 'floor']"
Feeling dizzy,"['feel', 'lightheaded']"
Internal pain,"['body', 'ache', 'inside', 'hips', 'shoulder']"
Foot ache,"['foot', 'ache', 'run', '500m', 'run', 'shoe']"
Feeling cold,"['diagnose', 'b12deficiency', 'anemia', 'explain', 'always', 'felt', 'cold']"
Emotional pain,"['feel', 'hurt', 'lot', 'pain', 'heart']"
Head ache,"['read', 'book', 'along', 'time', 'finish', 'read', 'feel', 'head', 'ache']"
Acne,"['break', 'face', 'frequently']"
Body feels weak,"['try', 'relief', 'cant']"
Injury from sports,"['stop', 'sport', 'get', 'injury', 'sport']"
Cough,"['every', 'time', 'take', 'deep', 'breath', 'start', 'cough']"
Joint pain,"['extend', 'leg', 'pain', 'knee', 'joint']"
Head ache,"['head', 'hurt', 'badly']"
Hair falling out,"['wash', 'hair', 'fall', 'heavily']"
Acne,"['hate', 'acne']"
Infected wound,"['son', 'nick', 'neck', 'old', 'razor', 'spot', 'become', 'inflame', 'look', 'like', 'infect']"
Joint pain,"['pain', 'like', 'needle', 'joint']"
Heart hurts,"['great', 'pain', 'thorax', 'heart', 'injury']"
Emotional pain,"['dont', 'know', 'im', 'constantly', 'sad']"
Neck pain,"['feel', 'pain', 'neck']"
Body feels weak,"['muscle', 'feel', 'tire']"
Blurry vision,"['try', 'put', 'glass', 'see', 'clear', 'cant', 'find', 'change']"
Stomach ache,"['feel', 'pain', 'stomach']"
Foot ache,"['foot', 'ache', 'winter', 'feel', 'cold']"
Back pain,"['back', 'hurt', 'much']"
Muscle pain,"['pain', 'feel', 'like', 'right', 'skin']"
Knee pain,"['struggle', 'bear', 'weight', 'knee', 'stand', 'straight', 'feel', 'hear', 'loud', 'pop', 'noise']"
Muscle pain,"['sharp', 'pain', 'bicep', 'try', 'apply', 'pain', 'relief', 'cream', 'help']"
Internal pain,"['pain', 'internal']"
Cough,"['child', 'cough', 'night', 'cant', 'sleep']"
Feeling dizzy,"['feel', 'dizzy', 'set', 'infront', 'laptop', 'hour', 'two', 'possibly', 'could', 'reason']"
Back pain,"['play', 'sport', 'burn', 'sensation', 'spine']"
Muscle pain,"['hard', 'muscle', 'pain', 'since', 'go', 'gym']"
Hair falling out,"['hair', 'fall']"
Joint pain,"['feel', 'joint', 'pain', 'every', 'time', 'move']"
Internal pain,"['feel', 'ache', 'insides']"
Skin issue,"['strange', 'rash', 'arm']"
Acne,"['face', 'break', 'badly', 'every', 'month', 'around', 'cycle']"
Cough,"['lot', 'mucus', 'cough']"
Emotional pain,"['im', 'disappoint']"
Stomach ache,"['often', 'get', 'stomach', 'ache', 'eat', 'havent', 'able', 'pinpoint', 'foods', 'might', 'trigger']"
Feeling dizzy,"['feel', 'dizzy', 'set', 'infront', 'laptop', 'hour', 'two', 'possibly', 'could', 'reason']"
Injury from sports,"['play', 'soccer', 'twist', 'ankle']"
Infected wound,"['son', 'squeeze', 'pimple', 'break', 'open', 'scab', 'look', 'like', 'infect']"
Stomach ache,"['feel', 'sore', 'stomach', 'area']"
Shoulder pain,"['shoulder', 'pain', 'home', 'work']"
Open wound,"['laceration', 'rupture', 'open', 'skin']"
Shoulder pain,"['cant', 'carry', 'anything', 'pain', 'shoulder']"
Knee pain,"['know', 'tear', 'meniscus', 'knee']"
Feeling dizzy,"['head', 'get', 'dizzy', 'try', 'get']"
Emotional pain,"['feel', 'pain', 'part', 'love', 'ones']"
Infected wound,"['think', 'wind', 'infect']"
Feeling dizzy,"['feel', 'dizzy', 'severe', 'diarrhea']"
Skin issue,"['red', 'stain', 'skin']"
Knee pain,"['cant', 'walk', 'knee', 'hurt']"
Body feels weak,"['body', 'feel', 'weak', 'try', 'make', 'relax', 'still', 'pain']"
Heart hurts,"['feel', 'increase', 'heart', 'rate', 'prick']"
Infected wound,"['grandson', 'cut', 'foot', 'seashell', 'ocean', 'foot', 'turn', 'gray', 'puffy']"
Heart hurts,"['feel', 'increase', 'heart', 'rate', 'prick']"
Head ache,"['worst', 'headache', 'hangover', 'twenties', 'sincerely', 'think', 'go', 'die', 'brain', 'inflammation']"
Ear ache,"['problem', 'middle', 'ear', 'make', 'infection']"
Blurry vision,"['television', 'computer', 'seem', 'focus', 'even', 'though', 'new', 'glass']"
Open wound,"['break', 'skin', 'thumb', 'index', 'finger', 'close']"
Hair falling out,"['brush', 'hair', 'notice', 'big', 'clump', 'hair', 'come', 'brush']"
Knee pain,"['feel', 'pain', 'knee', 'walk']"
Hard to breath,"['im', 'feel', 'good', 'cant', 'take', 'breath']"
Shoulder pain,"['cant', 'move', 'shoulder', 'pain']"
Internal pain,"['feel', 'pain', 'inside', 'identify']"
Stomach ache,['indigestion']
Feeling cold,"['feel', 'cold', 'though', 'temperature', 'high']"
Body feels weak,"['body', 'feel', 'weak', 'although', 'take', 'vitamins', 'regularly']"
Internal pain,"['feel', 'pain', 'body']"
Knee pain,"['pain', 'intense', 'especially', 'go', 'stairs', 'feel', 'like', 'something', 'snap', 'inside', 'knee']"
Ear ache,"['get', 'ear', 'ache', 'cold']"
Joint pain,"['joint', 'feel', 'swell']"
Feeling dizzy,"['stand', 'feel', 'dizzy', 'know']"
Feeling dizzy,"['feel', 'lightheaded']"
Muscle pain,"['lower', 'back', 'hurt', 'improve', 'stretch']"
Acne,"['get', 'acne', 'eat', 'chili']"
Knee pain,"['could', 'exercise', 'knee', 'pain']"
Ear ache,"['im', 'hear', 'well', 'problem', 'ear']"
Hair falling out,"['terrible', 'fall', 'hair']"
Ear ache,"['ear', 'hurt', 'badly']"
Infected wound,"['son', 'root', 'canal', 'dentist', 'accidentally', 'cut', 'inside', 'cheek', 'heal']"
Heart hurts,"['heart', 'ache', 'much']"
Neck pain,"['throught', 'sore']"
Ear ache,"['pain', 'ear', 'unbearable']"
Infected wound,"['daughter', 'eyebrows', 'thread', 'pull', 'open', 'skin', 'one', 'brows', 'puffy', 'ooze']"
Knee pain,"['chronic', 'bone', 'disease', 'level', 'double', 'lower', 'estremidades']"
Knee pain,"['knees', 'hurt', 'bad', 'walk', 'stay', 'sit']"
Emotional pain,"['get', 'divorce', 'last', 'year', 'cant', 'stop', 'dwell', 'get', 'revenge', 'ex', 'husband']"
Knee pain,"['kneecap', 'feel', 'like', 'grate', 'bone', 'bone', 'walk']"
Emotional pain,"['feel', 'suicidal']"
Joint pain,"['feel', 'pain', 'joint', 'injury', 'last', 'football', 'match', 'play']"
Feeling dizzy,"['feel', 'dizzy', 'whenever', 'stand']"
Knee pain,"['annoyance', 'start', 'suddenly', 'often', 'injury', 'exercise']"
Blurry vision,"['feel', 'pain', 'eye', 'see', 'fog']"
Head ache,"['cant', 'keep', 'focus']"
Cough,"['feel', 'fluid', 'try', 'come', 'cough']"
Skin issue,"['skin', 'color', 'back', 'red', 'dont', 'know']"
Ear ache,"['leave', 'ear', 'ok', 'right', 'one', 'feel', 'like', 'stab', 'nail']"
Cough,"['im', 'suffer', 'sharp', 'cough', 'accompany', 'phlegm']"
Shoulder pain,"['move', 'shoulder', 'like', 'lightning', 'send', 'shoulder']"
Hard to breath,"['feel', 'tightness', 'chest']"
Internal pain,"['chest', 'hurt', 'smoke']"
Foot ache,"['foot', 'ache', 'although', 'dont', 'walk', 'lot']"
Foot ache,"['feel', 'pain', 'foot']"
Joint pain,"['feel', 'like', 'whole', 'body', 'complain']"
Injury from sports,"['collision', 'play', 'soccer', 'knee', 'buckle', 'unstable']"
Acne,"['acne', 'get', 'worse', 'hot']"
Cough,"['usually', 'bad', 'cough', 'get', 'flu']"
Injury from sports,"['play', 'basketball', 'yesterday', 'sprain', 'ankle']"
Acne,"['chest', 'break', 'red', 'pimples', 'whiteheads']"
Hair falling out,"['itch', 'front', 'center', 'scalp']"
Back pain,"['feel', 'pain', 'lower', 'back']"
Head ache,"['dull', 'ache', 'head']"
Ear ache,"['get', 'ear', 'ache', 'cold']"
Acne,"['get', 'breakouts', 'chest', 'red', 'patch', 'get', 'intense', 'get', 'hot']"
Blurry vision,"['cant', 'ride', 'car', 'night', 'blurry', 'vision']"
Knee pain,"['feel', 'pain', 'knee']"
Stomach ache,"['cant', 'stand', 'horrible', 'feel', 'stomach']"
Body feels weak,"['get', 'tire', 'fast', 'barely', 'put', 'clothe', 'morning']"
Feeling cold,"['try', 'warm', 'wear', 'clothe', 'find', 'still', 'cold']"
Joint pain,"['ankle', 'hurt']"
Joint pain,"['knee', 'hurt', 'badly']"
Head ache,"['fell', 'skull', 'crack', 'like', 'nut']"
Heart hurts,"['like', 'needle', 'push', 'heart']"
Acne,"['chest', 'acne', 'break', 'never', 'clear']"
Hair falling out,"['hair', 'isnt', 'well']"
Shoulder pain,"['feel', 'like', 'someone', 'stick', 'knife', 'shoulder']"
Head ache,"['feel', 'great', 'amount', 'pressure', 'head']"
Infected wound,"['hand', 'open', 'wind', 'get', 'infect']"
Hard to breath,"['feel', 'great', 'pressure', 'chest']"
Hard to breath,"['im', 'feel', 'good', 'cant', 'take', 'breath']"
Hard to breath,"['feel', 'hard', 'breath', 'specially', 'run', 'make', 'effort']"
Open wound,"['open', 'wind', 'arm']"
Cough,"['cant', 'sleep', 'cough']"
Hard to breath,"['hard', 'breath', 'underground', 'metro', 'station']"
Acne,"['break', 'face', 'frequently']"
Body feels weak,"['cant', 'exercise', 'feel', 'weak']"
Knee pain,"['knees', 'hurt', 'bad', 'walk', 'stay', 'sit']"
Muscle pain,"['shoulder', 'muscle', 'hurt', 'try', 'reach']"
Hair falling out,"['im', 'worry', 'ill', 'go', 'bald', 'soon', 'sick']"
Shoulder pain,"['feel', 'great', 'pain', 'leave', 'shoulder']"
Internal pain,"['feel', 'pain', 'inside', 'identify']"
Acne,"['cure', 'acne']"
Muscle pain,"['pain', 'muscle']"
Muscle pain,"['sharp', 'pain', 'bicep', 'try', 'apply', 'pain', 'relief', 'cream', 'help']"
Emotional pain,"['feel', 'sad', 'like', 'hurt', 'pain']"
Body feels weak,"['body', 'feel', 'weak', 'although', 'take', 'vitamins', 'regularly']"
Head ache,"['worst', 'headache', 'hangover', 'twenties', 'sincerely', 'think', 'go', 'die', 'brain', 'inflammation']"
Skin issue,"['find', 'issue', 'skin', 'try', 'use', 'cream', 'doesnt', 'get', 'better']"
Skin issue,"['red', 'rash', 'itchy', 'skin']"
Infected wound,"['son', 'root', 'canal', 'dentist', 'accidentally', 'cut', 'inside', 'cheek', 'heal']"
Neck pain,"['feel', 'pain', 'neck', 'wake']"
Neck pain,"['neck', 'sore', 'since', 'accident']"
Emotional pain,"['feel', 'hurt', 'lot', 'pain', 'heart']"
Emotional pain,"['get', 'divorce', 'last', 'year', 'cant', 'stop', 'dwell', 'get', 'revenge', 'ex', 'husband']"
Hard to breath,"['hard', 'breath', 'underground', 'metro', 'station']"
Heart hurts,"['feel', 'pain', 'leave', 'side', 'chest', 'heart']"
Feeling cold,"['wake', 'feel', 'cold']"
Acne,"['acne', 'face']"
Feeling cold,"['im', 'good', 'im', 'feel', 'cold']"
Open wound,"['chop', 'tip', 'finger', 'cut', 'cardboard', 'stop', 'bleed']"
Body feels weak,"['hard', 'stand', 'im', 'move', 'slowly']"
Shoulder pain,"['much', 'pain', 'move', 'arm']"
Hair falling out,"['lose', 'lot', 'hair']"
Injury from sports,"['injure', 'soccer', 'match']"
Blurry vision,"['television', 'computer', 'seem', 'focus', 'even', 'though', 'new', 'glass']"
Muscle pain,"['wake', 'morning', 'feel', 'soreness', 'body']"
Head ache,"['feel', 'great', 'amount', 'pressure', 'head']"
Heart hurts,"['feel', 'pain', 'heart', 'wake']"
Back pain,"['back', 'pain', 'since', 'turn', '70', 'years', 'old']"
Hard to breath,"['feel', 'like', 'something', 'squeeze', 'lungs']"
Foot ache,"['foot', 'ache', 'since', 'last', 'tuesday']"
Back pain,"['back', 'hurt', 'lot', 'bend']"
Knee pain,"['feel', 'pain', 'knee']"
Blurry vision,"['everything', 'look', 'like', 'beeing', 'smoky', 'area']"
Feeling dizzy,"['every', 'time', 'make', 'effort', 'felt', 'dizzy']"
Cough,"['severe', 'cold', 'cough']"
Hard to breath,"['feel', 'like', 'something', 'squeeze', 'lungs']"
Knee pain,"['feel', 'pain', 'knee', 'walk']"
Internal pain,"['chronic', 'bowel', 'pain']"
Injury from sports,"['play', 'football', 'dislocate', 'shoulder']"
Heart hurts,"['often', 'get', 'sharp', 'pain', 'chest', 'cant', 'tell', 'im', 'might', 'trigger']"
Injury from sports,"['feel', 'pain', 'right', 'shoulder', 'tennis', 'match']"
Heart hurts,"['pain', 'radiate', 'chest', 'leave', 'arm']"
Acne,"['pimples', 'patch', 'along', 'lot', 'redness', 'face']"
Joint pain,"['cant', 'move', 'leg', 'pain', 'joint']"
Hard to breath,"['feel', 'tightness', 'chest']"
Emotional pain,"['mental', 'suffer']"
Joint pain,"['feel', 'sharp', 'pain', 'ankle', 'joint', 'stand']"
Head ache,"['head', 'hurt', 'back', 'pain', 'last', 'day']"
Open wound,"['help', 'cut', 'heal', 'faster']"
Knee pain,"['knee', 'doesnt', 'want', 'bend', 'well']"
Knee pain,"['knees', 'seem', 'grind', 'go', 'stairs']"
Feeling dizzy,"['im', 'awake', 'morning', 'feel', 'strange', 'vertigo']"
Open wound,"['sore', 'isnt', 'heal', 'well', 'like', 'two', 'weeks']"
Foot ache,"['walk', 'pain', 'foot']"
Open wound,"['hit', 'would', 'doesnt', 'want', 'heal']"
Joint pain,"['pain', 'im', 'walk', 'around', 'knees']"
Blurry vision,"['stand', 'quick', 'vision', 'blurry']"
Hard to breath,"['sometimes', 'feel', 'like', 'claw', 'chest', 'leave', 'breathless']"
Infected wound,"['suffer', 'deep', 'wind', 'hand', 'stop', 'bleed']"
Stomach ache,"['severe', 'pain', 'stomach', 'feel']"
Feeling cold,"['must', 'something', 'wrong', 'blood', 'circulation', 'wear', 'sock', 'even', 'hottest', 'days', 'toe', 'freeze']"
Cough,"['cant', 'stop', 'cough']"
Infected wound,"['injure', 'person']"
Shoulder pain,"['hurt', 'raise', 'arm']"
Open wound,"['cut', 'finger', 'open', 'wont', 'stop', 'bleed', 'wind', 'gap', 'open']"
Body feels weak,"['eat', 'much', 'sugar', 'body', 'get', 'weak', 'dizzy']"
Blurry vision,"['stand', 'quick', 'vision', 'blurry']"
Shoulder pain,"['right', 'shoulder', 'click', 'move', 'arm']"
Skin issue,"['rash', 'itch', 'bad']"
Internal pain,"['constant', 'stomach', 'pain', 'bloat']"
Foot ache,"['foot', 'hurt', 'cant', 'turn', 'maybe', 'break']"
Foot ache,"['knock', 'foot', 'really', 'hurt']"
Acne,"['son', 'lot', 'acne']"
Internal pain,"['pain', 'radiate', 'right', 'hip', 'rib', 'cage', 'worst', 'urinate']"
Stomach ache,"['stomach', 'feel', 'start', 'hurt', 'feel', 'better', 'eat', 'something', 'mild']"
Knee pain,"['chronic', 'bone', 'disease', 'level', 'double', 'lower', 'estremidades']"
Neck pain,"['neck', 'feel', 'stiff']"
Feeling dizzy,"['feel', 'dizzy', 'muscular', 'effort']"
Acne,"['pimples', 'patch', 'along', 'lot', 'redness', 'face']"
Feeling dizzy,"['feel', 'lightheaded', 'stand']"
Muscle pain,"['feel', 'burn', 'sensation', 'shoulder', 'muscle']"
Joint pain,"['feel', 'lot', 'pain', 'joint']"
Acne,"['acne', 'cause', 'feel', 'embarrass']"
Emotional pain,"['mental', 'suffer']"
Feeling dizzy,"['whenever', 'stand', 'feel', 'dizzy']"
Open wound,"['split', 'thumb', 'heal']"
Joint pain,"['play', 'football', 'injuried', 'joint', 'pain']"
Blurry vision,"['cant', 'see', 'sign', 'blurry', 'vision']"
Ear ache,"['pain', 'ear', 'unbearable']"
Feeling dizzy,"['stand', 'feel', 'dizzy', 'know']"
Skin issue,"['red', 'rash', 'itchy', 'skin']"
Heart hurts,"['heart', 'hurt', 'im', 'sad']"
Head ache,"['headache', 'almost', 'every', 'day']"
Cough,"['constant', 'tickle', 'throat']"
Internal pain,"['body', 'ache', 'inside', 'hips', 'shoulder']"
Neck pain,"['throught', 'sore']"
Hair falling out,"['lot', 'hairs', 'pillow', 'morning']"
Skin issue,"['scab', 'back', 'hand', 'wont', 'go', 'away']"
Skin issue,"['rash', 'sensation', 'close', 'arm']"
Muscle pain,"['im', 'sport', 'pain', 'skin']"
Injury from sports,"['hit', 'head', 'basketball', 'game', 'could', 'concussion']"
Heart hurts,"['husband', 'leave', 'another', 'woman', 'heart', 'hurt', 'badly', 'point', 'cant', 'eat', 'sleep']"
Hair falling out,"['hair', 'isnt', 'well']"
Hard to breath,"['diagnose', 'pneumonia', 'cant', 'breath', 'easily']"
Neck pain,"['neck', 'hurt', 'cant', 'look']"
Body feels weak,"['dont', 'anything', 'home', 'still', 'feel', 'exhaust']"
Joint pain,"['sharp', 'pain', 'click', 'sound', 'ankle', 'joint', 'try', 'stand', 'walk']"
Feeling cold,"['wake', 'night', 'feel', 'cold']"
Feeling cold,"['go', 'sleep', 'feel', 'cold']"
Back pain,"['back', 'hurt', 'lot']"
Joint pain,"['feel', 'like', 'pin', 'needle', 'stick', 'joint']"
Internal pain,"['internal', 'pain', 'whenever', 'come', 'cold']"
Acne,"['get', 'breakouts', 'chest', 'red', 'patch', 'get', 'intense', 'get', 'hot']"
Cough,"['cough', 'lot', 'smell', 'perfume', 'wrong', 'lungs']"
Blurry vision,"['cant', 'ride', 'car', 'night', 'blurry', 'vision']"
Acne,"['eruptions', 'face', 'come', 'go']"
Stomach ache,"['hard', 'pain', 'stomach']"
Cough,"['constant', 'tickle', 'throat']"
Cough,"['bad', 'cough']"
Emotional pain,"['ive', 'try', 'read', 'book', 'nothing', 'cheer']"
Joint pain,"['feel', 'great', 'pain', 'shoulder', 'joint', 'go', 'away']"
Skin issue,"['rash', 'skin']"
Joint pain,"['play', 'football', 'joint', 'pain']"
Ear ache,"['severe', 'pain', 'ear']"
Open wound,"['help', 'cut', 'heal', 'faster']"
Acne,"['chronic', 'disease', 'hair', 'follicles', 'sebaceous', 'glands']"
Hair falling out,"['brush', 'hair', 'notice', 'big', 'clump', 'hair', 'come', 'brush']"
Back pain,"['carry', 'heavy', 'things', 'feel', 'like', 'break', 'back']"
Skin issue,"['dark', 'spot', 'skin']"
Stomach ache,"['feel', 'abdominal', 'pain']"
Foot ache,"['walk', 'long', '3', 'km', 'feel', 'pain', 'foot', 'like', 'foot', 'ache']"
Cough,"['feel', 'fluid', 'try', 'come', 'cough']"
Hard to breath,"['time', 'feel', 'crush', 'huge', 'weight', 'air', 'pass', 'lungs', 'actually', 'scar', 'hell', 'happen']"
Skin issue,"['need', 'scratch', 'skin', 'every', 'minute']"
Infected wound,"['daughter', 'bite', 'cat', 'hand', 'sore', 'red', 'swell', 'wind', 'ooze', 'liquid']"
Joint pain,"['hurt', 'bend', 'arm']"
Stomach ache,"['pain', 'stomach']"
Stomach ache,"['stomach', 'pain', 'drink', 'milk']"
Knee pain,"['feel', 'pain', 'knee']"
Open wound,"['wind', 'still', 'open']"
Infected wound,"['injure', 'person']"
Blurry vision,"['eat', 'sugar', 'notice', 'vision', 'blur']"
Stomach ache,"['pain', 'colon', 'stomach', 'like', 'something', 'cut']"
Feeling dizzy,"['feel', 'dizzy', 'whenever', 'stand']"
Foot ache,"['foot', 'hurt', 'cant', 'turn', 'maybe', 'break']"
Ear ache,"['ear', 'hurt', 'worse', 'swallow', 'ear', 'painful', 'tylenol', 'hasnt', 'help']"
Acne,"['even', 'though', 'im', 'adult', 'face', 'keep', 'break', 'pimples']"
Body feels weak,"['body', 'feel', 'weak', 'first', 'day', 'gym']"
Joint pain,"['play', 'football', 'joint', 'pain']"
Blurry vision,"['hard', 'see', 'things']"
Blurry vision,"['problem', 'see', 'object', 'difficult', 'see']"
Joint pain,"['joint', 'feel', 'swell']"
Stomach ache,"['feel', 'abdominal', 'pain']"
Cough,"['cough', 'heavy', 'mucus']"
Injury from sports,"['feel', 'strong', 'pain', 'knee', 'hit', 'football', 'match']"
Feeling dizzy,"['stand', 'quickly', 'start', 'feel', 'dizzy', 'lightheaded']"
Skin issue,"['rash', 'skin']"
Heart hurts,"['oh', 'heart', 'hurt', 'try', 'calm', 'cant']"
Back pain,"['stand', 'less', 'five', 'minutes', 'back', 'start', 'ache']"
Shoulder pain,"['hurt', 'raise', 'arm']"
Infected wound,"['daughter', 'ears', 'pierce', 'one', 'ear', 'lob', 'bright', 'red', 'burn', 'hot']"
Acne,"['pimples', 'skin', 'disease']"
Knee pain,"['fell', 'bike', 'since', 'hard', 'knee', 'pain']"
Feeling cold,"['wake', 'feel', 'cold']"
Blurry vision,"['im', 'hard', 'time', 'read', 'letter', 'fuzzy']"
Foot ache,"['nerve', 'damage', 'operation', 'ankle', 'stand', 'touch', 'scar']"
Acne,"['son', 'lot', 'acne']"
Acne,"['never', 'acne', 'problem', 'last', 'pregnancy', 'sudden', 'back', 'get', 'cover', 'zits']"
Cough,"['cough', 'heavy', 'mucus']"
Head ache,"['head', 'heavy', 'cant', 'think', 'normally']"
Heart hurts,"['feel', 'hurt', 'heart']"
Knee pain,"['cant', 'walk', 'knee', 'hurt']"
Cough,"['cough', 'lot', 'smell', 'perfume', 'wrong', 'lungs']"
Stomach ache,"['feel', 'sharp', 'pain', 'stomach', 'eat']"
Ear ache,"['since', 'go', 'forest', 'pain', 'ear']"
Knee pain,"['knee', 'doesnt', 'want', 'bend', 'well']"
Blurry vision,"['worry', 'drive', 'barely', 'focus', 'wheel', 'eye', 'feel', 'teary']"
Cough,"['every', 'time', 'take', 'deep', 'breath', 'start', 'cough']"
Back pain,"['feel', 'pain', 'back']"
Joint pain,"['feel', 'sharp', 'pain', 'ankle', 'joint', 'stand']"
Stomach ache,"['stomach', 'feel', 'start', 'hurt', 'feel', 'better', 'eat', 'something', 'mild']"
Muscle pain,"['pain', 'trap']"
Joint pain,"['fell', 'stiffness', 'elbow', 'shoulder']"
Back pain,"['play', 'sport', 'burn', 'sensation', 'spine']"
Hair falling out,"['hair', 'come', 'chunk', 'especially', 'wash']"
Skin issue,"['rash', 'sensation', 'close', 'arm']"
Ear ache,"['ear', 'ring']"
Internal pain,"['pain', 'radiate', 'right', 'hip', 'rib', 'cage', 'worst', 'urinate']"
Body feels weak,"['eat', 'much', 'sugar', 'body', 'get', 'weak', 'dizzy']"
Neck pain,"['cant', 'turn', 'neck', 'leave', 'without', 'feel', 'stab', 'pain']"
Heart hurts,"['heart', 'beat', 'fast', 'scar']"
Open wound,"['wind', 'open']"
Injury from sports,"['hit', 'grind', 'try', 'shoot', 'basketball']"
Foot ache,"['foot', 'ache', 'run', '500m', 'run', 'shoe']"
Shoulder pain,"['shoulder', 'hurt']"
Muscle pain,"['every', 'morning', 'wake', 'neck', 'feel', 'like', 'sleep', 'wrong']"
Body feels weak,"['hard', 'stand', 'im', 'move', 'slowly']"
Joint pain,"['feel', 'pain', 'knee', 'climb', 'stairs']"
Body feels weak,"['feel', 'discomfort', 'throughout', 'body', 'general']"
Cough,"['cant', 'sleep', 'hard', 'cough']"
Emotional pain,"['breakup', 'feel', 'something', 'strange']"
Shoulder pain,"['strong', 'shoulder', 'pain']"
Shoulder pain,"['cant', 'stand', 'horrible', 'feel', 'shoulder']"
Hair falling out,"['im', 'need', 'treatment', 'hair', 'fall']"
Cough,"['lot', 'mucus', 'cough']"
Ear ache,"['feel', 'pain', 'ears', 'tinnitus']"
Back pain,"['back', 'hurt', 'lot']"
Knee pain,"['feel', 'like', 'something', 'swell', 'inflame', 'back', 'knee']"
Injury from sports,"['feel', 'strong', 'pain', 'knee', 'hit', 'football', 'match']"
Neck pain,"['theres', 'swell', 'neck', 'hurt']"
Head ache,"['feel', 'like', 'someone', 'hit', 'head', 'hammer', 'feel', 'pain', 'top', 'head', 'throb']"
Ear ache,"['think', 'theres', 'fluid', 'ears']"
Joint pain,"['feel', 'like', 'pin', 'needle', 'stick', 'joint']"
Open wound,"['wind', 'still', 'open']"
Blurry vision,"['force', 'eye', 'view', 'blurry', 'vision']"
Hard to breath,"['heart', 'pump', 'fast', 'im', 'hard', 'time', 'breath']"
Heart hurts,"['husband', 'leave', 'another', 'woman', 'heart', 'hurt', 'badly', 'point', 'cant', 'eat', 'sleep']"
Muscle pain,"['im', 'sport', 'pain', 'skin']"
Acne,"['acne', 'itch', 'ooze']"
Infected wound,"['cut', 'stitch', 'together', 'heal', 'ooze', 'green', 'puss', 'burn']"
Injury from sports,"['young', 'injury', 'sport', 'knee']"
Feeling cold,"['feel', 'cold', 'though', 'temperature', 'high']"
Muscle pain,"['biceps', 'start', 'ache', 'go', 'gym']"
Feeling cold,"['feel', 'cold', 'although', 'summer']"
Acne,"['chronic', 'disease', 'hair', 'follicles', 'sebaceous', 'glands']"
Open wound,"['split', 'thumb', 'heal']"
Feeling dizzy,"['feel', 'lightheaded', 'stand']"
Blurry vision,"['blurry', 'vision', 'since', 'wake', 'morning', 'could', 'reason']"
Skin issue,"['try', 'alot', 'cream', 'still', 'feel', 'skin', 'problem']"
Blurry vision,"['blurry', 'vision', 'swim', 'train', 'pool']"
Knee pain,"['annoyance', 'start', 'suddenly', 'often', 'injury', 'exercise']"
Open wound,"['cut', 'hand', 'couple', 'days', 'ago', 'although', 'didnt', 'think', 'need', 'stitch', 'hasnt', 'close']"
Foot ache,"['foot', 'ache', 'winter', 'feel', 'cold']"
Open wound,"['glass', 'break', 'wind', 'leg', 'badly', 'wind', 'wide']"
Cough,"['severe', 'dry', 'cough']"
Body feels weak,"['hardly', 'enough', 'stength', 'get']"
Blurry vision,"['sterilizer', 'eye']"
Shoulder pain,"['shoulder', 'ache', 'try', 'lift', 'five', 'pound']"
Knee pain,"['shoot', 'pain', 'kneecap', 'work']"
Infected wound,"['daughter', 'eyebrows', 'thread', 'pull', 'open', 'skin', 'one', 'brows', 'puffy', 'ooze']"
Shoulder pain,"['shoulder', 'pain', 'try', 'carry', 'groceries']"
Body feels weak,"['feel', 'weak']"
Heart hurts,"['crush', 'sensation', 'heart', 'leave', 'breathless']"
Feeling cold,"['im', 'good', 'im', 'feel', 'cold']"
Head ache,"['head', 'hurt', 'im']"
Blurry vision,"['force', 'eye', 'view', 'blurry', 'vision']"
Heart hurts,"['like', 'needle', 'push', 'heart']"
Back pain,"['bend', 'get', 'shoot', 'pain', 'back']"
Cough,"['cant', 'breath', 'cough']"
Joint pain,"['pain', 'joint', 'bear', 'pain']"
Shoulder pain,"['right', 'shoulder', 'click', 'move', 'arm']"
Shoulder pain,"['strong', 'shoulder', 'pain']"
Injury from sports,"['break', 'ankle', 'rock', 'climb', 'carpathians']"
Emotional pain,"['ive', 'feel', 'sad', 'lately']"
Ear ache,"['feel', 'pain', 'ears', 'tinnitus']"
Feeling cold,"['go', 'sleep', 'feel', 'cold']"
Acne,"['cant', 'get', 'girlfriend', 'acne']"
Muscle pain,"['play', 'football', 'muscle', 'pain']"
Back pain,"['think', 'overdo', 'carry', 'lumber', 'yard', 'lower', 'back', 'kill']"
Emotional pain,"['feel', 'suicidal']"
Hair falling out,"['hair', 'shortage']"
Acne,"['acne', 'cause', 'feel', 'embarrass']"
Blurry vision,"['problems', 'see', 'things', 'feel', 'like', 'cloud', 'eye', 'everything', 'blurry']"
Infected wound,"['break', 'skin', 'inside', 'one', 'nostrils', 'become', 'infect', 'fill', 'pus']"
Head ache,"['get', 'terrible', 'headaches', 'every', 'months', 'get', 'vision', 'affect']"
Skin issue,"['dry', 'skin']"
Heart hurts,"['heart', 'hurt']"
Injury from sports,"['hve', 'cut', 'finger', 'play', 'football', 'apply', 'pain', 'relief', 'cream', 'help']"
Joint pain,"['fell', 'stiffness', 'elbow', 'shoulder']"
Feeling cold,"['run', 'nose']"
Emotional pain,"['im', 'disappoint']"
Injury from sports,"['get', 'injure', 'exercise']"
Ear ache,"['ear', 'ache', 'wont', 'go', 'away', 'dont', 'cold', 'headache', 'symptoms', 'earache']"
Cough,"['im', 'suffer', 'sharp', 'cough', 'accompany', 'phlegm']"
Ear ache,"['travel', 'plane', 'days', 'ago', 'time', 'land', 'ears', 'remain', 'clog', 'painful']"
Cough,"['ive', 'cough', 'two', 'weeks']"
Knee pain,"['kneecap', 'feel', 'like', 'grate', 'bone', 'bone', 'walk']"
Cough,"['cold', 'make', 'cough', 'alot']"
Heart hurts,"['feel', 'pain', 'heart', 'wake']"
Joint pain,"['feel', 'soreness', 'knees', 'walk']"
Infected wound,"['wind', 'infect', 'plant', 'flower', 'garden']"
Joint pain,"['feel', 'like', 'something', 'jab', 'joint']"
Neck pain,"['cant', 'move', 'head']"
Internal pain,"['feel', 'sharp', 'pain', 'stomach']"
Foot ache,"['step', 'needle', 'wouldnt', 'hurt', 'much', 'like', 'damn', 'spur', 'heel']"
Internal pain,"['pain', 'cant', 'specify', 'place']"
Neck pain,"['feel', 'pain', 'neck', 'im', 'work']"
Knee pain,"['could', 'exercise', 'knee', 'pain']"
Feeling cold,"['run', 'nose']"
Head ache,"['headache', 'every', 'time', 'eat', 'ice', 'cream']"
Internal pain,"['sharp', 'pain', 'heavy', 'breathe']"
Muscle pain,"['sharp', 'pain', 'calve']"
Feeling dizzy,"['feel', 'dizzy', 'make', 'sudden', 'movements']"
Muscle pain,"['wake', 'morning', 'feel', 'soreness', 'body']"
Injury from sports,"['injure', 'football', 'match', 'diagnose', 'cruciate', 'ligament']"
Ear ache,"['sharp', 'pain', 'ear']"
Back pain,"['stand', 'less', 'five', 'minutes', 'back', 'start', 'ache']"
Skin issue,"['need', 'scratch', 'skin', 'every', 'minute']"
Cough,"['cant', 'breath', 'cough']"
Feeling cold,"['wake', 'night', 'feel', 'cold']"
Back pain,"['use', 'alot', 'pain', 'killer', 'get', 'better', 'still', 'feel', 'back', 'pain']"
Feeling cold,"['feel', 'cold', 'chill', 'even', 'though', 'clothe', 'heavy']"
Feeling dizzy,"['stand', 'feel', 'like', 'im', 'go', 'fall', 'instantly']"
Head ache,"['head', 'ache', 'since', 'wake', 'morning']"
Head ache,"['feel', 'sharp', 'pain', 'head', 'think', 'hard']"
Knee pain,"['knee', 'hurt', 'walk']"
Infected wound,"['cut', 'foot', 'become', 'infect', 'use', 'shower', 'gym']"
Knee pain,"['pain', 'knee', 'swim']"
Neck pain,"['wake', 'stiff', 'neck', 'every', 'morning', 'massage', 'help', 'couple', 'days', 'later', 'back']"
Injury from sports,"['im', 'injure', 'cant', 'play', 'sport']"
Cough,"['lungs', 'feel', 'heavy', 'like', 'fill', 'mucus']"
Cough,"['cant', 'stop', 'cough']"
Knee pain,"['knee', 'feel', 'like', 'rust', 'suddenly', 'bend', 'anymore']"
Open wound,"['discover', 'open', 'wind']"
Knee pain,"['knee', 'hurt', 'play', 'squash']"
Body feels weak,"['cant', 'anything', 'feel', 'weak', 'body']"
Shoulder pain,"['shoulder', 'hurt', 'much']"
Internal pain,"['feel', 'pain', 'inside', 'know']"
Neck pain,"['every', 'time', 'look', 'leave', 'feel', 'sharp', 'pain', 'neck']"
Infected wound,"['suffer', 'deep', 'wind', 'hand', 'stop', 'bleed']"
Body feels weak,"['dont', 'anything', 'home', 'still', 'feel', 'exhaust']"
Shoulder pain,"['raise', 'hand', 'feel', 'pain', 'shoulder']"
Knee pain,"['shoot', 'pain', 'kneecap', 'work']"
Joint pain,"['feel', 'soreness', 'knees', 'walk']"
Foot ache,"['cant', 'really', 'jump', 'leave', 'foot', 'triple', 'fracture', 'ankle', 'leave', 'neverending', 'pain']"
Heart hurts,"['felt', 'heart', 'hurt', 'run', 'along', 'distance']"
Head ache,"['head', 'hurt', 'lose', 'sensation', 'face', 'lose', 'sight', 'eye']"
Joint pain,"['get', 'joint', 'pain', 'try', 'bend', 'leg', 'arm']"
Injury from sports,"['feel', 'great', 'pain', 'feet', 'play', 'one', 'sport', 'game']"
Muscle pain,"['biceps', 'start', 'ache', 'go', 'gym']"
Acne,"['chest', 'break', 'red', 'pimples', 'whiteheads']"
Blurry vision,"['blur', 'vision']"
Shoulder pain,"['shoulder', 'ache', 'try', 'pick', 'laundry']"
Skin issue,"['red', 'stain', 'skin']"
Emotional pain,"['feel', 'huge', 'emotional', 'pain', 'break', 'girlfriend']"
Muscle pain,"['arm', 'hurt', 'stretch']"
Infected wound,"['infect', 'wind', 'begin', 'rot']"
Cough,"['dry', 'throat']"
Back pain,"['back', 'hurt', 'much']"
Cough,"['child', 'cough', 'night', 'cant', 'sleep']"
Heart hurts,"['heart', 'hurt', 'im', 'sad']"
Back pain,"['back', 'hurt', 'lot', 'bend']"
Acne,"['get', 'big', 'patch', 'irritate', 'pimples', 'back', 'hurt']"
Back pain,"['longitudinal', 'burn', 'line', 'across', 'back', 'hard', 'respiratory', 'movements']"
Hard to breath,"['chest', 'hurt', 'go', 'take', 'breath']"
Emotional pain,"['feel', 'sad']"
Feeling cold,"['cant', 'seem', 'get', 'warm', 'even', 'everyone', 'around', 'warm', 'always', 'feel', 'cold']"
Infected wound,"['im', 'feel', 'good', 'get', 'infection', 'wind']"
Knee pain,"['difficulty', 'move', 'knee']"
Hair falling out,"['hair', 'always', 'fall', 'lose', 'lot', 'hair', 'lately']"
Emotional pain,"['wish', 'excruciate', 'feel', 'loss', 'could', 'go', 'away']"
Heart hurts,"['feel', 'hurt', 'heart']"
Foot ache,"['walk', 'long', '3', 'km', 'feel', 'pain', 'foot', 'like', 'foot', 'ache']"
Feeling dizzy,"['feel', 'like', 'world', 'go', 'round', 'round']"
Cough,"['feel', 'like', 'hardly', 'breathe', 'unless', 'get', 'whats', 'lungs']"
Body feels weak,"['body', 'feel', 'weak', 'although', 'eat', 'lot']"
Feeling cold,"['must', 'something', 'wrong', 'blood', 'circulation', 'wear', 'sock', 'even', 'hottest', 'days', 'toe', 'freeze']"
Acne,"['pimples', 'face', 'bother', 'lot']"
Feeling cold,"['couldnt', 'stop', 'shake', 'unclench', 'jaw', 'thats', 'cold']"
Stomach ache,"['cant', 'stand', 'horrible', 'feel', 'stomach']"
Body feels weak,"['dont', 'energy', 'things', 'use']"
Body feels weak,"['body', 'feel', 'weak', 'think', 'face', 'fade', 'cant', 'sleep', 'well']"
Joint pain,"['ankle', 'joint', 'throb', 'put', 'pressure', 'foot']"
Foot ache,"['foot', 'hurt', 'much']"
Cough,"['feel', 'like', 'ive', 'always', 'get', 'something', 'throat']"
Internal pain,"['always', 'feel', 'like', 'menstrual', 'pain', 'even', 'dont', 'period']"
Hair falling out,"['feel', 'depress', 'see', 'hair', 'fall']"
Neck pain,"['neck', 'hurt', 'cant', 'look']"
Shoulder pain,"['throb', 'shoulder']"
Feeling dizzy,"['feel', 'like', 'room', 'spin']"
Cough,"['cant', 'sleep', 'cough']"
Injury from sports,"['back', 'get', 'injure', 'lift', 'gym']"
Cough,"['ive', 'cough', 'two', 'weeks']"
Internal pain,"['extreme', 'pressure', 'belly', 'button', 'right', 'feel', 'every', 'time', 'go', 'jog']"
Feeling cold,"['always', 'cold', 'even', 'wear', 'layer']"
Emotional pain,"['grand', 'father', 'die', 'felt', 'hard', 'emotional', 'pain']"
Muscle pain,"['abdominal', 'muscle', 'great', 'pain', 'since', 'gym']"
Head ache,"['feel', 'pain', 'head', 'vertigo']"
Blurry vision,"['blurry', 'vision', 'use', 'wrong', 'medicine']"
Muscle pain,"['calve', 'feel', 'like', 'tight', 'knot', 'throb']"
Knee pain,"['lot', 'knee', 'pain', 'whenever', 'go', 'run']"
Muscle pain,"['muscle', 'pain', 'leave', 'leg']"
Hard to breath,"['feel', 'great', 'pressure', 'chest']"
Hard to breath,"['use', 'breath', 'go', 'dozen', 'stairs', 'struggle', 'breath', 'even', 'sit']"
Injury from sports,"['feel', 'great', 'pain', 'feet', 'play', 'one', 'sport', 'game']"
Neck pain,"['neck', 'pain', 'sit', 'infront', 'laptop']"
Muscle pain,"['muscle', 'lower', 'back', 'ache']"
Joint pain,"['pain', 'elbow', 'joint']"
Muscle pain,"['need', 'kind', 'cream', 'wich', 'make', 'muscle', 'relax']"
Head ache,"['pain', 'head']"
Muscle pain,"['lower', 'back', 'hurt', 'improve', 'stretch']"
Joint pain,"['extend', 'leg', 'pain', 'knee', 'joint']"
Stomach ache,"['stomach', 'sore', 'since', 'yesterday']"
Knee pain,"['knees', 'seem', 'grind', 'go', 'stairs']"
Acne,"['acne', 'really', 'embarassing', 'read']"
Skin issue,"['something', 'dark', 'arm']"
Blurry vision,"['im', 'drive', 'eye', 'see', 'double']"
Back pain,"['upper', 'back', 'sore', 'week']"
Shoulder pain,"['severe', 'shoulder', 'pain']"
Feeling cold,"['worry', 'cold', 'intolerant', 'always', 'shiver', 'even', 'sun']"
Head ache,"['front', 'head', 'pain', 'get', 'light', 'bother']"
Infected wound,"['cut', 'hand', 'couple', 'weeks', 'ago', 'even', 'though', 'keep', 'use', 'antibiotic', 'cream', 'get', 'better']"
Cough,"['cant', 'stop', 'cough']"
Joint pain,"['pain', 'joint', 'bear', 'pain']"
Injury from sports,"['break', 'ankle', 'rock', 'climb', 'carpathians']"
Ear ache,"['im', 'hard', 'time', 'hear']"
Shoulder pain,"['cant', 'carry', 'anything', 'pain', 'shoulder']"
Acne,"['use', 'acne', '15', 'years', 'old']"
Acne,"['face', 'break', 'badly', 'every', 'month', 'around', 'cycle']"
Injury from sports,"['may', 'overdo', 'weightlift', 'afraid', 'may', 'tear', 'muscle', 'back']"
Internal pain,"['internal', 'pain', 'gas', 'eat', 'indian', 'spicy', 'food', 'yesterday']"
Skin issue,"['find', 'issue', 'skin', 'try', 'use', 'cream', 'doesnt', 'get', 'better']"
Acne,"['highschool', 'lot', 'acne']"
Body feels weak,"['body', 'feel', 'weak', 'although', 'eat', 'lot']"
Hair falling out,"['im', 'worry', 'ill', 'go', 'bald', 'soon', 'sick']"
Stomach ache,"['feel', 'sharp', 'pain', 'stomach', 'eat']"
Muscle pain,"['pain', 'muscle']"
Internal pain,"['always', 'feel', 'like', 'menstrual', 'pain', 'even', 'dont', 'period']"
Internal pain,"['feel', 'ache', 'insides']"
Shoulder pain,"['shoulder', 'ache', 'try', 'lift', 'five', 'pound']"
Feeling dizzy,"['im', 'high', 'start', 'feel', 'dizzy']"
Feeling dizzy,"['wake', 'morning', 'feel', 'dizzy']"
Knee pain,"['difficulty', 'move', 'knee']"
Head ache,"['drink', 'lot', 'get', 'headache']"
Cough,"['feel', 'like', 'ive', 'always', 'get', 'something', 'throat']"
Emotional pain,"['feel', 'sad']"
Infected wound,"['last', 'time', 'clip', 'toenail', 'cut', 'short', 'infect', 'nail']"
Knee pain,"['knee', 'feel', 'like', 'rust', 'suddenly', 'bend', 'anymore']"
Muscle pain,"['pain', 'muscle', 'know', 'cause']"
Muscle pain,"['play', 'football', 'muscle', 'pain', 'legs']"
Head ache,"['head', 'ache', 'since', 'wake', 'morning']"
Joint pain,"['sharp', 'pain', 'click', 'sound', 'ankle', 'joint', 'try', 'stand', 'walk']"
Internal pain,"['feel', 'pain', 'body']"
Shoulder pain,"['shoulder', 'hurt', 'much']"
Stomach ache,"['eat', 'feel', 'stomach', 'hurt']"
Joint pain,"['body', 'bad', 'case', 'need', 'good', 'treatment']"
Stomach ache,"['pain', 'colon', 'stomach', 'like', 'something', 'cut']"
Hair falling out,"['visit', 'many', 'doctor', 'cant', 'find', 'right', 'treatment', 'toget', 'hair', 'back']"
Infected wound,"['cut', 'become', 'red', 'ooze', 'puss']"
Hard to breath,"['grandmother', 'last', 'year', 'go', 'hospital', 'hard', 'time', 'breathe']"
Feeling cold,"['diagnose', 'b12deficiency', 'anemia', 'explain', 'always', 'felt', 'cold']"
Joint pain,"['pain', 'elbow', 'joint']"
Head ache,"['fell', 'skull', 'crack', 'like', 'nut']"
Stomach ache,"['severe', 'pain', 'stomach', 'feel']"
Skin issue,"['issue', 'skin']"
Skin issue,"['dry', 'skin']"
Cough,"['sometimes', 'cough', 'im', 'smoker']"
Feeling dizzy,"['im', 'good', 'feel', 'dizzy']"
Back pain,"['feel', 'pain', 'back']"
Open wound,"['slice', 'deeply', 'knife', 'cook']"
Hair falling out,"['hair', 'fall', 'comb']"
Injury from sports,"['collision', 'play', 'soccer', 'knee', 'buckle', 'unstable']"
Internal pain,"['discomfort', 'pain', 'felt', 'point', 'along', 'front', 'body', 'neck', 'upper', 'abdomen']"
Foot ache,"['try', 'make', 'massage', 'foot', 'still', 'pain']"
Heart hurts,"['heart', 'hurt']"
Foot ache,"['foot', 'hurt', 'lot', 'play', 'football']"
Heart hurts,"['great', 'pain', 'thorax', 'heart', 'injury']"
Knee pain,"['struggle', 'bear', 'weight', 'knee', 'stand', 'straight', 'feel', 'hear', 'loud', 'pop', 'noise']"
Internal pain,"['constant', 'stomach', 'pain', 'bloat']"
Feeling cold,"['get', 'chill', 'ache']"
Hair falling out,"['mr', 'hair', 'fall', 'comb']"
Cough,"['terrible', 'problems', 'im', 'breathe', 'night']"
Stomach ache,"['stomach', 'feel', 'full', 'upset', 'bloat', 'big', 'meals']"
Injury from sports,"['hit', 'head', 'basketball', 'game', 'could', 'concussion']"
Emotional pain,"['mind', 'feel', 'sad', 'hurt', 'way', 'feel', 'head', 'awful', 'think', 'breakup', 'cry', 'sadness']"
Hair falling out,"['lot', 'hairs', 'pillow', 'morning']"
Skin issue,"['rash', 'itch', 'bad']"
Internal pain,"['head', 'pain', 'every', 'single', 'day']"
Heart hurts,"['heart', 'feel', 'like', 'go', 'explode']"
Shoulder pain,"['shoulder', 'hurt', 'try', 'reach', 'something', 'head']"
Injury from sports,"['active', 'sport', 'body', 'feel', 'pain']"
Muscle pain,"['every', 'morning', 'wake', 'neck', 'feel', 'like', 'sleep', 'wrong']"
Cough,"['ive', 'cold', 'weeks', 'still', 'cough', 'every', 'day']"
Ear ache,"['cant', 'hear', 'ear', 'properly', 'feel', 'like', 'something', 'cause', 'irritation']"
Heart hurts,"['pain', 'chest', 'sadden']"
Ear ache,"['ear', 'ache', 'im', 'listen', 'music']"
Head ache,"['get', 'terrible', 'headaches', 'every', 'months', 'get', 'vision', 'affect']"
Hair falling out,"['shower', 'drain', 'full', 'hair', 'every', 'time']"
Blurry vision,"['problems', 'see', 'things', 'feel', 'like', 'cloud', 'eye', 'everything', 'blurry']"
Stomach ache,"['im', 'feel', 'nauseous']"
Stomach ache,"['stomach', 'ache', 'eat', 'hot', 'food']"
Knee pain,"['pain', 'intense', 'especially', 'go', 'stairs', 'feel', 'like', 'something', 'snap', 'inside', 'knee']"
Emotional pain,"['dont', 'know', 'im', 'constantly', 'sad']"
Feeling dizzy,"['feel', 'like', 'room', 'spin']"
Infected wound,"['husband', 'spot', 'lip', 'though', 'cold', 'sore', 'break', 'open', 'leak', 'fluid', 'day']"
Neck pain,"['feel', 'pain', 'neck']"
Hard to breath,"['dont', 'problems', 'take', 'breath', 'breath', 'heavy']"
Body feels weak,"['body', 'feel', 'weak', 'think', 'face', 'fade', 'cant', 'sleep', 'well']"
Acne,"['cure', 'acne']"
Feeling cold,"['try', 'warm', 'wear', 'clothe', 'find', 'still', 'cold']"
Shoulder pain,"['feel', 'pain', 'shoulder', 'write', 'keyboard']"
Acne,"['chronic', 'disease', 'hair', 'follicles', 'sebaceous', 'glands']"
Joint pain,"['knee', 'hurt', 'badly']"
Internal pain,"['sharp', 'pain', 'heavy', 'breathe']"
Joint pain,"['joint', 'ache', 'whenever', 'cold']"
Skin issue,"['red', 'flush', 'accompany', 'itchy']"
Heart hurts,"['heart', 'feel', 'like', 'go', 'explode']"
Head ache,"['head', 'hurt', 'lose', 'sensation', 'face', 'lose', 'sight', 'eye']"
Ear ache,"['im', 'hard', 'time', 'hear']"
Neck pain,"['powerful', 'pain', 'inside', 'neck']"
Feeling dizzy,"['head', 'spin', 'get']"
Acne,"['never', 'acne', 'problem', 'last', 'pregnancy', 'sudden', 'back', 'get', 'cover', 'zits']"
Ear ache,"['try', 'answer', 'phine', 'call', 'find', 'cant', 'hear', 'voice', 'speaker']"
Infected wound,"['cut', 'stitch', 'together', 'heal', 'ooze', 'green', 'puss', 'burn']"
Cough,"['terrible', 'problems', 'im', 'breathe', 'night']"
Hair falling out,"['hair', 'come', 'chunk', 'especially', 'wash']"
Hard to breath,"['hardly', 'breathe']"
Blurry vision,"['eat', 'sugar', 'notice', 'vision', 'blur']"
Skin issue,"['feel', 'severe', 'itch', 'skin', 'redness']"
Neck pain,"['pain', 'large', 'neck']"
Heart hurts,"['area', 'around', 'heart', 'doesnt', 'feel', 'good']"
Shoulder pain,"['yesterday', 'shouder', 'pain']"
Shoulder pain,"['shoulder', 'agreat', 'pain']"
Internal pain,"['pain', 'stomach']"
Shoulder pain,"['raise', 'hand', 'feel', 'pain', 'shoulder']"
Back pain,"['feel', 'pain', 'back', 'sit', 'chair', 'long']"
Hair falling out,"['hair', 'fall']"
Foot ache,"['pain', 'foot']"
Infected wound,"['break', 'skin', 'inside', 'one', 'nostrils', 'become', 'infect', 'fill', 'pus']"
Neck pain,"['complain', 'alot', 'neck', 'pain', 'really', 'need', 'better']"
Feeling cold,"['feel', 'cold']"
Acne,"['get', 'cluster', 'pimples', 'face', 'never', 'go', 'away']"
Hard to breath,"['feel', 'like', 'cant', 'take', 'deep', 'breath']"
Hair falling out,"['hair', 'fall', 'comb']"
Foot ache,"['painful', 'cramp', 'feet']"
Feeling dizzy,"['head', 'get', 'dizzy', 'try', 'get']"
Cough,"['cant', 'breathe']"
Foot ache,"['feel', 'pain', 'foot']"
Blurry vision,"['im', 'hard', 'time', 'read', 'letter', 'fuzzy']"
Muscle pain,"['hard', 'exercise', 'feel', 'great', 'pain', 'muscle']"
Body feels weak,"['feel', 'discomfort', 'throughout', 'body', 'general']"
Body feels weak,"['try', 'relief', 'cant']"
Internal pain,"['chronic', 'bowel', 'pain']"
Open wound,"['slice', 'deeply', 'knife', 'cook']"
Feeling dizzy,"['feel', 'dizzy', 'sight']"
Foot ache,"['try', 'make', 'massage', 'foot', 'still', 'pain']"
Infected wound,"['cut', 'become', 'red', 'ooze', 'puss']"
Skin issue,"['complain', 'alot', 'skin', 'allergy']"
Skin issue,"['feel', 'like', 'l', 'fell', 'hot', 'water']"
Emotional pain,"['ive', 'try', 'read', 'book', 'nothing', 'cheer']"
Joint pain,"['pain', 'like', 'needle', 'joint']"
Hair falling out,"['notice', 'lot', 'hair', 'come', 'usual', 'brush', 'hair']"
Hair falling out,"['ive', 'notice', 'hair', 'fall', 'lot', 'lately']"
Hair falling out,"['hair', 'always', 'fall', 'lose', 'lot', 'hair', 'lately']"
Internal pain,"['internal', 'pain', 'gas', 'eat', 'indian', 'spicy', 'food', 'yesterday']"
Cough,"['feel', 'like', 'hardly', 'breathe', 'unless', 'get', 'whats', 'lungs']"
Feeling cold,"['body', 'feel', 'like', 'refrigerator']"
Open wound,"['cut', 'foot', 'pool', 'break', 'open', 'every', 'day', 'walk']"
Emotional pain,"['wish', 'excruciate', 'feel', 'loss', 'could', 'go', 'away']"
Feeling dizzy,"['im', 'high', 'start', 'feel', 'dizzy']"
Body feels weak,"['muscle', 'feel', 'tire']"
Foot ache,"['cant', 'walk', 'well', 'ache', 'foot']"
Ear ache,"['problem', 'middle', 'ear', 'make', 'infection']"
Hard to breath,"['time', 'feel', 'crush', 'huge', 'weight', 'air', 'pass', 'lungs', 'actually', 'scar', 'hell', 'happen']"
Body feels weak,"['impression', 'strength', 'body']"
Skin issue,"['something', 'dark', 'arm']"
Open wound,"['sore', 'isnt', 'heal', 'well', 'like', 'two', 'weeks']"
Feeling dizzy,"['im', 'awake', 'morning', 'feel', 'strange', 'vertigo']"
Hard to breath,"['heart', 'pump', 'fast', 'im', 'hard', 'time', 'breath']"
Heart hurts,"['feel', 'like', 'heart', 'go', 'leap', 'body', 'hurt']"
Internal pain,"['whats', 'symptoms', 'appendicitis']"
Ear ache,"['ear', 'ring']"
Emotional pain,"['breakup', 'feel', 'something', 'strange']"
Emotional pain,"['mind', 'feel', 'sad', 'hurt', 'way', 'feel', 'head', 'awful', 'think', 'breakup', 'cry', 'sadness']"
Hair falling out,"['mr', 'hair', 'fall', 'comb']"
Acne,"['acne', 'really', 'embarassing', 'read']"
Stomach ache,"['eat', 'burn', 'sensation', 'inside']"
Feeling cold,"['get', 'warm', 'matter', 'much', 'wrap', 'high', 'put', 'heat']"
Shoulder pain,"['play', 'tennis', 'powerful', 'sensation', 'close', 'neck']"
Stomach ache,"['stomach', 'feel', 'full', 'upset', 'bloat', 'big', 'meals']"
Acne,"['acne', 'itch', 'ooze']"
Ear ache,"['ear', 'ache', 'shower']"
Shoulder pain,"['shoulder', 'pain', 'try', 'carry', 'groceries']"
Heart hurts,"['terrible', 'pain', 'heart']"
Feeling cold,"['warm', 'system', 'house', 'break', 'feel', 'cold']"
Cough,"['cant', 'sleep', 'hard', 'cough']"
Shoulder pain,"['shoulder', 'agreat', 'pain']"
Hair falling out,"['hair', 'fall', 'take', 'shower']"
Injury from sports,"['young', 'injury', 'sport', 'knee']"
Heart hurts,"['crush', 'sensation', 'heart', 'leave', 'breathless']"
Feeling dizzy,"['stand', 'feel', 'like', 'im', 'go', 'fall', 'instantly']"
Open wound,"['fell', 'window', 'clean', 'shard', 'glass', 'stick', 'leave', 'eye', 'think', 'pretty', 'serious', 'please', 'help']"
Neck pain,"['wake', 'stiff', 'neck', 'every', 'morning', 'massage', 'help', 'couple', 'days', 'later', 'back']"
Feeling cold,"['feel', 'cold', 'chill', 'even', 'though', 'clothe', 'heavy']"
Infected wound,"['last', 'time', 'clip', 'toenail', 'cut', 'short', 'infect', 'nail']"
Foot ache,"['foot', 'ache', 'although', 'dont', 'walk', 'lot']"
Stomach ache,"['stomach', 'ache', 'eat', 'hot', 'food']"
Feeling cold,"['worry', 'cold', 'intolerant', 'always', 'shiver', 'even', 'sun']"
Cough,"['feel', 'pain', 'throat']"
Neck pain,"['every', 'time', 'look', 'leave', 'feel', 'sharp', 'pain', 'neck']"
Head ache,"['cant', 'stand', 'feel', 'brain', 'move', 'inside', 'skull']"
Cough,"['cant', 'stop', 'cough']"
Acne,"['pimples', 'back']"
Hard to breath,"['ive', 'get', 'hard', 'time', 'breath', 'heart', 'attack']"
Heart hurts,"['heart', 'ache', 'much']"
Open wound,"['laceration', 'rupture', 'open', 'skin']"
Knee pain,"['cant', 'work', 'good', 'pain', 'knee']"
Skin issue,"['every', 'time', 'rain', 'get', 'hive', 'belly', 'side']"
Shoulder pain,"['shoulder', 'hurt']"
Joint pain,"['ankle', 'joint', 'throb', 'put', 'pressure', 'foot']"
Infected wound,"['cut', 'yellow', 'greenishcolored', 'pus']"
Neck pain,"['neck', 'sore', 'since', 'accident']"
Cough,"['whoop', 'cough', 'excess', 'mucous', 'need', 'mucolytic']"
Feeling cold,"['body', 'feel', 'like', 'refrigerator']"
Foot ache,"['cant', 'walk', 'great', 'foot', 'ache']"
Back pain,"['back', 'hurt', 'cant', 'bend', 'walk']"
Body feels weak,"['hardly', 'enough', 'stength', 'get']"
Joint pain,"['joint', 'ache', 'whenever', 'cold']"
Ear ache,"['since', 'go', 'forest', 'pain', 'ear']"
Infected wound,"['think', 'theres', 'something', 'wrong', 'wind', 'seem', 'heal', 'like']"
Stomach ache,"['sharp', 'pain', 'lower', 'stomach']"
Body feels weak,"['body', 'feel', 'weak', 'first', 'day', 'gym']"
Skin issue,"['skin', 'itchy', 'inflame']"
Infected wound,"['surgical', 'wound', 'red', 'fire', 'pus', 'painful', 'hot', 'touch']"
Injury from sports,"['kick', 'head', 'play', 'soccer', 'last', 'night']"
Feeling dizzy,"['whenever', 'stand', 'feel', 'dizzy']"
Feeling cold,"['feel', 'cold']"
Feeling dizzy,"['feel', 'dizzy', 'muscular', 'effort']"
Head ache,"['feel', 'pain', 'head', 'vertigo']"
Acne,"['acne', 'face']"
Foot ache,"['walk', 'get', 'stab', 'pain', 'top', 'foot']"
Cough,"['feel', 'pain', 'throat']"
Ear ache,"['try', 'answer', 'phine', 'call', 'find', 'cant', 'hear', 'voice', 'speaker']"
Open wound,"['wind', 'toe', 'get', 'better', 'overnight', 'reopen', 'ever', 'day', 'wear', 'dress', 'shoe', 'work']"
Back pain,"['feel', 'pain', 'back']"
Infected wound,"['cut', 'yellow', 'greenishcolored', 'pus']"
Hair falling out,"['ive', 'notice', 'hair', 'fall', 'lot', 'lately']"
Foot ache,"['first', 'feel', 'really', 'numb', 'thousand', 'needle', 'start', 'prick', 'foot']"
Head ache,"['drink', 'lot', 'get', 'headache']"
Open wound,"['hit', 'would', 'doesnt', 'want', 'heal']"
Body feels weak,"['cbc', 'report', 'indicate', '10', 'hb', 'feel', 'tire', 'little', 'work']"
Feeling dizzy,"['stand', 'quickly', 'feel', 'though', 'im', 'go', 'faint']"
Shoulder pain,"['cant', 'stand', 'horrible', 'feel', 'shoulder']"
Stomach ache,"['feel', 'sore', 'stomach', 'area']"
Open wound,"['must', 'see', 'doctor', 'open', 'wind']"
Back pain,"['pain', 'back', 'dwwls', 'like', 'sharp', 'knife']"
Muscle pain,"['sharp', 'pain', 'calve']"
Injury from sports,"['injure', 'football', 'match', 'diagnose', 'cruciate', 'ligament']"
Infected wound,"['daughter', 'ears', 'pierce', 'one', 'ear', 'lob', 'bright', 'red', 'burn', 'hot']"
Neck pain,"['hardly', 'move', 'neck', 'hurt']"
Joint pain,"['feel', 'pain', 'joint', 'injury', 'last', 'football', 'match', 'play']"
Feeling dizzy,"['feel', 'dizzy', 'make', 'sudden', 'movements']"
Stomach ache,['indigestion']
Joint pain,"['feel', 'boneonbone', 'pain', 'knees', 'climb', 'stairs']"
Head ache,"['cant', 'keep', 'focus']"
Hair falling out,"['terrible', 'fall', 'hair']"
Hard to breath,"['walk', 'hard', 'breath']"
Neck pain,"['hardly', 'move', 'neck', 'hurt']"
Back pain,"['dull', 'ache', 'lower', 'back', 'make', 'difficult', 'move']"
Foot ache,"['great', 'pain', 'foot', 'like', 'thrombing', 'pain', 'relax', 'pain', 'releif']"
Emotional pain,"['ive', 'feel', 'sad', 'lately']"
Feeling dizzy,"['stand', 'quickly', 'feel', 'though', 'im', 'go', 'faint']"
Joint pain,"['feel', 'boneonbone', 'pain', 'knees', 'climb', 'stairs']"
Knee pain,"['feel', 'like', 'something', 'swell', 'inflame', 'back', 'knee']"
Infected wound,"['daughter', 'bite', 'cat', 'hand', 'sore', 'red', 'swell', 'wind', 'ooze', 'liquid']"
Open wound,"['wind', 'open']"
Ear ache,"['start', 'tinnitus', 'today', 'pain', 'throb', 'unbearable']"
Skin issue,"['feel', 'severe', 'itch', 'skin', 'redness']"
Cough,"['feel', 'cough', 'increase', 'winter', 'reach']"
Feeling dizzy,"['sudden', 'felt', 'dizzy', 'stand']"
Infected wound,"['son', 'get', 'tattoo', 'several', 'weeks', 'ago', 'skin', 'around', 'raise', 'hot', 'look', 'infect']"
Open wound,"['wind', 'toe', 'get', 'better', 'overnight', 'reopen', 'ever', 'day', 'wear', 'dress', 'shoe', 'work']"
Emotional pain,"['feel', 'sad', 'like', 'hurt', 'pain']"
Back pain,"['problem', 'back', 'extend']"
Acne,"['feel', 'deep', 'tingle', 'touch', 'acne', 'follow', 'bad', 'sensation']"
Joint pain,"['hurt', 'bend', 'arm']"
Stomach ache,"['stomach', 'pain', 'drink', 'milk']"
Infected wound,"['think', 'theres', 'something', 'wrong', 'wind', 'seem', 'heal', 'like']"
Ear ache,"['sharp', 'pain', 'ear']"
Hard to breath,"['walk', 'hard', 'breath']"
Back pain,"['carry', 'heavy', 'things', 'feel', 'like', 'break', 'back']"
Hair falling out,"['hair', 'fall', 'take', 'shower']"
Infected wound,"['infect', 'wind', 'cause', 'fever']"
Hard to breath,"['walk', 'every', 'day', 'get', 'short', 'breath', 'go', 'short', 'way']"
Feeling cold,"['always', 'cold', 'even', 'wear', 'layer']"
Neck pain,"['cant', 'rotate', 'neck']"
Skin issue,"['strange', 'rash', 'arm']"
Emotional pain,"['grand', 'father', 'die', 'felt', 'hard', 'emotional', 'pain']"
Head ache,"['headache', 'every', 'time', 'eat', 'ice', 'cream']"
Shoulder pain,"['feel', 'like', 'swell', 'knot', 'shoulderblade', 'pain', 'shoot']"
Blurry vision,"['blurry', 'vision', 'since', 'wake', 'morning', 'could', 'reason']"
Muscle pain,"['sharp', 'pain', 'bicep']"
Hard to breath,"['hardly', 'breathe']"
Heart hurts,"['bear', 'squeeze', 'sensation', 'chest']"
Back pain,"['feel', 'back', 'pain', 'carry', 'heavy', 'things']"
Skin issue,"['every', 'time', 'rain', 'get', 'hive', 'belly', 'side']"
Shoulder pain,"['severe', 'shoulder', 'pain']"
Joint pain,"['joint', 'finger', 'painful', 'morning']"
Cough,"['severe', 'dry', 'cough']"
Foot ache,"['cant', 'walk', 'well', 'ache', 'foot']"
Back pain,"['use', 'alot', 'pain', 'killer', 'get', 'better', 'still', 'feel', 'back', 'pain']"
Body feels weak,"['sometimes', 'body', 'feel', 'week', 'without', 'reason']"
Head ache,"['headache', 'almost', 'every', 'day']"
Cough,"['severe', 'cold', 'cough']"
Feeling cold,"['even', 'temperature', 'high', 'house', 'body', 'always', 'cold']"
Body feels weak,"['get', 'bed', 'morning', 'body', 'feel', 'weak']"
Open wound,"['cut', 'im', 'bleed']"
Acne,"['face', 'break', 'pimples']"
Internal pain,"['whats', 'symptoms', 'appendicitis']"
Cough,"['ive', 'cold', 'weeks', 'still', 'cough', 'every', 'day']"
Joint pain,"['get', 'joint', 'pain', 'try', 'bend', 'leg', 'arm']"
Feeling dizzy,"['get', 'feel', 'dizzy', 'fall']"
Joint pain,"['feel', 'lot', 'pain', 'joint']"
Stomach ache,"['often', 'get', 'stomach', 'ache', 'eat', 'havent', 'able', 'pinpoint', 'foods', 'might', 'trigger']"
Joint pain,"['joint', 'finger', 'painful', 'morning']"
Feeling dizzy,"['im', 'good', 'feel', 'dizzy']"
Muscle pain,"['hard', 'exercise', 'feel', 'great', 'pain', 'muscle']"
Foot ache,"['foot', 'hurt', 'lot', 'play', 'football']"
Joint pain,"['play', 'football', 'injuried', 'joint', 'pain']"
Muscle pain,"['play', 'football', 'muscle', 'pain']"
Open wound,"['break', 'skin', 'thumb', 'index', 'finger', 'close']"
Cough,"['cant', 'breathe']"
Muscle pain,"['feel', 'pain', 'legs', 'muscle', 'run', 'yesterday', 'take', 'pain', 'killers', 'doesnt', 'help']"
Heart hurts,"['feel', 'heart', 'pain', 'walk', 'lot']"
Ear ache,"['ear', 'ache', 'im', 'listen', 'music']"
Knee pain,"['knees', 'ache', 'cold', 'rainy', 'days']"
Joint pain,"['cant', 'move', 'leg', 'pain', 'joint']"
Cough,"['feel', 'congestion', 'chest']"
Feeling cold,"['think', 'body', 'temperature', 'low']"
Stomach ache,"['stomach', 'ache', 'drink', 'soda', 'drink']"
Blurry vision,"['blurry', 'vision', 'head', 'hit', 'yesterday']"
Stomach ache,"['sharp', 'pain', 'stomach']"
Open wound,"['cut', 'finger', 'open', 'wont', 'stop', 'bleed', 'wind', 'gap', 'open']"
Back pain,"['dull', 'ache', 'lower', 'back', 'make', 'difficult', 'move']"
Stomach ache,"['eat', 'burn', 'sensation', 'inside']"
Knee pain,"['knee', 'feel', 'weak', 'give', 'way', 'day', 'top', 'stairs', 'luckily', 'rail', 'hold']"
Foot ache,"['knock', 'foot', 'really', 'hurt']"
Ear ache,"['think', 'theres', 'fluid', 'ears']"
Ear ache,"['ear', 'hurt', 'worse', 'swallow', 'ear', 'painful', 'tylenol', 'hasnt', 'help']"
Injury from sports,"['active', 'sport', 'body', 'feel', 'pain']"
Open wound,"['cut', 'im', 'bleed']"
Heart hurts,"['feel', 'like', 'heart', 'go', 'leap', 'body', 'hurt']"
Neck pain,"['tingle', 'sensation', 'neck']"
Head ache,"['feel', 'great', 'pain', 'head']"
Skin issue,"['skin', 'color', 'back', 'red', 'dont', 'know']"
Head ache,"['head', 'hurt', 'badly']"
Feeling dizzy,"['feel', 'like', 'world', 'go', 'round', 'round']"
Internal pain,"['general', 'discomfort', 'torso']"
Cough,"['bad', 'cough']"
Injury from sports,"['topple', 'jump', 'catch', 'ball']"
Back pain,"['feel', 'back', 'pain', 'carry', 'heavy', 'things']"
Infected wound,"['son', 'get', 'tattoo', 'several', 'weeks', 'ago', 'skin', 'around', 'raise', 'hot', 'look', 'infect']"
Foot ache,"['hard', 'work', 'day', 'foot', 'ache']"
Acne,"['face', 'break', 'pimples']"
Internal pain,"['extreme', 'pressure', 'belly', 'button', 'right', 'feel', 'every', 'time', 'go', 'jog']"
Infected wound,"['son', 'lip', 'pierce', 'swell', 'skin', 'inside', 'lip', 'grey', 'look', 'infect']"
Knee pain,"['lot', 'knee', 'pain', 'whenever', 'go', 'run']"
Back pain,"['back', 'pain', 'since', 'fell', 'floor']"
Open wound,"['cut', 'hand', 'couple', 'days', 'ago', 'although', 'didnt', 'think', 'need', 'stitch', 'hasnt', 'close']"
Body feels weak,"['feel', 'dizzy', 'body', 'fragile']"
Emotional pain,"['remember', 'feel']"
Hair falling out,"['visit', 'many', 'doctor', 'cant', 'find', 'right', 'treatment', 'toget', 'hair', 'back']"
Open wound,"['must', 'see', 'doctor', 'open', 'wind']"
Body feels weak,"['cbc', 'report', 'indicate', '10', 'hb', 'feel', 'tire', 'little', 'work']"
Blurry vision,"['hard', 'see', 'things']"
Head ache,"['feel', 'great', 'pain', 'head']"
Stomach ache,"['sharp', 'pain', 'stomach']"
Ear ache,"['sharp', 'pain', 'ear', 'whenever']"
Heart hurts,"['bear', 'squeeze', 'sensation', 'chest']"
Foot ache,"['walk', 'pain', 'foot']"
Shoulder pain,"['shoulder', 'hurt', 'try', 'reach', 'something', 'head']"
Knee pain,"['walk', 'flight', 'stairs', 'right', 'knee', 'hurt']"
Internal pain,"['general', 'discomfort', 'torso']"
Back pain,"['feel', 'pain', 'back']"
Feeling dizzy,"['travel', 'ship', 'feel', 'dizzy']"
Acne,"['get', 'acne', 'eat', 'chili']"
Shoulder pain,"['feel', 'great', 'pain', 'shoulder', 'try', 'lift', 'something', 'heavy']"
Feeling cold,"['know', 'feel', 'cold']"
Feeling cold,"['warm', 'system', 'house', 'break', 'feel', 'cold']"
Neck pain,"['stiffness', 'inability', 'look', 'right', 'leave', 'except', 'move', 'whole', 'body']"
Hair falling out,"['every', 'time', 'comb', 'hair', 'many', 'hair', 'comb']"
Acne,"['chest', 'acne', 'break', 'never', 'clear']"
Injury from sports,"['play', 'football', 'dislocate', 'shoulder']"
Muscle pain,"['hard', 'muscle', 'pain', 'since', 'go', 'gym']"
Stomach ache,"['great', 'stomach', 'ache', 'cant', 'eat', 'thing']"
Heart hurts,"['breathe', 'dull', 'ache', 'leave', 'shoulder']"
Back pain,"['feel', 'pain', 'back', 'sit', 'chair', 'long']"
Joint pain,"['pain', 'im', 'walk', 'around', 'knees']"
Internal pain,"['dull', 'ache', 'stomach', 'get', 'worse', 'eat']"
Ear ache,"['cant', 'hear', 'ear', 'properly', 'feel', 'like', 'something', 'cause', 'irritation']"
Back pain,"['shoot', 'pain', 'back']"
Feeling cold,"['even', 'temperature', 'high', 'house', 'body', 'always', 'cold']"
Head ache,"['head', 'hurt', 'back', 'pain', 'last', 'day']"
Acne,"['pimples', 'skin', 'disease']"
Shoulder pain,"['play', 'tennis', 'powerful', 'sensation', 'close', 'neck']"
Hair falling out,"['hair', 'fall', 'bunch']"
Skin issue,"['scab', 'back', 'hand', 'wont', 'go', 'away']"
Infected wound,"['cut', 'red', 'swell']"
Skin issue,"['skin', 'dry', 'peel']"
Hard to breath,"['walk', 'every', 'day', 'get', 'short', 'breath', 'go', 'short', 'way']"
Head ache,"['feel', 'head', 'ache']"
Ear ache,"['travel', 'plane', 'days', 'ago', 'time', 'land', 'ears', 'remain', 'clog', 'painful']"
Infected wound,"['infect', 'wind', 'begin', 'rot']"
Open wound,"['open', 'wind', 'arm']"
Body feels weak,"['body', 'feel', 'weak', 'try', 'make', 'relax', 'still', 'pain']"
Body feels weak,"['feel', 'weak', 'body']"
Shoulder pain,"['throb', 'shoulder']"
Hair falling out,"['feel', 'depress', 'see', 'hair', 'fall']"
Hard to breath,"['difficulty', 'breathe', 'crowd', 'place']"
Acne,"['highschool', 'lot', 'acne']"
Foot ache,"['foot', 'ache', 'since', 'last', 'tuesday']"
Feeling cold,"['couldnt', 'stop', 'shake', 'unclench', 'jaw', 'thats', 'cold']"
Back pain,"['longitudinal', 'burn', 'line', 'across', 'back', 'hard', 'respiratory', 'movements']"
Head ache,"['migrain', 'take', 'panadol', 'doesnt', 'help']"
Hard to breath,"['chest', 'hurt', 'go', 'take', 'breath']"
Infected wound,"['kee', 'swallow', 'indicate', 'infect', 'wind']"
Blurry vision,"['everything', 'look', 'like', 'beeing', 'smoky', 'area']"
Blurry vision,"['sterilizer', 'eye']"
Skin issue,"['feel', 'like', 'l', 'fell', 'hot', 'water']"
Emotional pain,"['feel', 'emotionally', 'crush']"
Head ache,"['pain', 'head']"
Joint pain,"['throb', 'joint']"
Shoulder pain,"['dont', 'full', 'range', 'motion', 'arm']"
Hard to breath,"['diagnose', 'pneumonia', 'cant', 'breath', 'easily']"
Heart hurts,"['area', 'around', 'heart', 'doesnt', 'feel', 'good']"
Knee pain,"['get', 'knee', 'pain', 'walk', 'lot']"
Cough,"['usually', 'bad', 'cough', 'get', 'flu']"
Neck pain,"['neck', 'pain', 'sit', 'infront', 'laptop']"
Heart hurts,"['severe', 'pain', 'upper', 'leave', 'side', 'chest', 'may', 'pain', 'back']"
Back pain,"['love', 'garden', 'get', 'terrible', 'twinge', 'lower', 'back', 'lean']"
Open wound,"['accident', 'wind', 'open', 'arrive', 'hospital']"
Hard to breath,"['feel', 'hard', 'breathe']"
Stomach ache,"['feel', 'burn', 'sensation', 'gut', '2', 'hours', 'meal']"
Acne,"['sometimes', 'cold', 'outside', 'face', 'hurt', 'especially', 'around', 'pimples', 'ready', 'pop']"
Back pain,"['cant', 'stand', 'sit', 'pain', 'back', 'annoy']"
Shoulder pain,"['move', 'shoulder', 'pain', 'shoot', 'arm']"
Shoulder pain,"['feel', 'great', 'pain', 'shoulder', 'try', 'lift', 'something', 'heavy']"
Feeling dizzy,"['travel', 'ship', 'feel', 'dizzy']"
Internal pain,"['pain', 'stomach']"
Stomach ache,"['great', 'stomach', 'ache', 'cant', 'eat', 'thing']"
Feeling cold,"['entire', 'body', 'freeze']"
Muscle pain,"['sharp', 'pain', 'bicep']"
Injury from sports,"['topple', 'jump', 'catch', 'ball']"
Foot ache,"['great', 'pain', 'foot', 'like', 'thrombing', 'pain', 'relax', 'pain', 'releif']"
Stomach ache,"['make', 'lot', 'lot', 'analysis', 'know', 'main', 'reason', 'stomach', 'ache']"
Hair falling out,"['hair', 'shortage']"
Skin issue,"['issue', 'skin']"
Open wound,"['discover', 'open', 'wind']"
Emotional pain,"['think', 'parent', 'feel', 'pain']"
Cough,"['sometimes', 'cough', 'im', 'smoker']"
Stomach ache,"['stomach', 'ache', 'drink', 'soda', 'drink']"
Knee pain,"['knees', 'ache', 'cold', 'rainy', 'days']"
Ear ache,"['cold', 'last', 'time', 'travel', 'plane', 'still', 'discomfort', 'ears']"
Skin issue,"['skin', 'itch']"
Injury from sports,"['feel', 'pain', 'right', 'shoulder', 'tennis', 'match']"
Acne,"['sometimes', 'cold', 'outside', 'face', 'hurt', 'especially', 'around', 'pimples', 'ready', 'pop']"
Heart hurts,"['felt', 'heart', 'hurt', 'run', 'along', 'distance']"
Shoulder pain,"['dont', 'full', 'range', 'motion', 'arm']"
Neck pain,"['neck', 'annoy', 'cant', 'sleep', 'bacause']"
Shoulder pain,"['move', 'shoulder', 'like', 'lightning', 'send', 'shoulder']"
Neck pain,"['feel', 'pain', 'neck']"
Feeling cold,"['think', 'body', 'temperature', 'low']"
Joint pain,"['pain', 'joint']"
Acne,"['cant', 'get', 'girlfriend', 'acne']"
Feeling dizzy,"['go', 'stand', 'head', 'start', 'swirl']"
Injury from sports,"['kick', 'head', 'play', 'soccer', 'last', 'night']"
Skin issue,"['acne', 'face', 'problema', 'derma', 'like', 'itch']"
Blurry vision,"['blurry', 'vision', 'use', 'wrong', 'medicine']"
Heart hurts,"['terrible', 'pain', 'heart']"
Knee pain,"['get', 'knee', 'pain', 'walk', 'lot']"
Injury from sports,"['injure', 'soccer', 'match']"
Neck pain,"['neck', 'annoy', 'cant', 'sleep', 'bacause']"
Muscle pain,"['feel', 'better', 'muscle']"
Emotional pain,"['heavy', 'breath', 'fatigue']"
Joint pain,"['throb', 'joint']"
Acne,"['hate', 'acne']"
Muscle pain,"['alot', 'exercise', 'yesterday', 'feel', 'sharp', 'muscle', 'pain']"
Heart hurts,"['breathe', 'dull', 'ache', 'leave', 'shoulder']"
Knee pain,"['knees', 'swell', 'right', 'knee', 'cap', 'hurt', 'put', 'weight']"
Hair falling out,"['wash', 'hair', 'fall', 'heavily']"
Emotional pain,"['feel', 'pain', 'part', 'love', 'ones']"
Shoulder pain,"['shoulder', 'pain', 'home', 'work']"
Feeling cold,"['temperature', 'drop', 'body', 'get', 'synosed']"
Skin issue,"['get', 'see', 'skin', 'vague']"
Acne,"['pimples', 'back']"
Hair falling out,"['try', 'take', 'care', 'hair', 'find', 'fall']"
Open wound,"['fell', 'window', 'clean', 'shard', 'glass', 'stick', 'leave', 'eye', 'think', 'pretty', 'serious', 'please', 'help']"
Feeling cold,"['cant', 'seem', 'get', 'warm', 'even', 'everyone', 'around', 'warm', 'always', 'feel', 'cold']"
Blurry vision,"['notice', 'important', 'decrease', 'vision', 'try', 'look', 'things', 'close']"
Infected wound,"['im', 'feel', 'good', 'get', 'infection', 'wind']"
Muscle pain,"['feel', 'pain', 'legs', 'muscle', 'run', 'yesterday', 'take', 'pain', 'killers', 'doesnt', 'help']"
Infected wound,"['husband', 'spot', 'lip', 'though', 'cold', 'sore', 'break', 'open', 'leak', 'fluid', 'day']"
Open wound,"['accident', 'wind', 'open', 'arrive', 'hospital']"
Blurry vision,"['watch', 'tv', 'suddenly', 'blurry', 'vision']"
Muscle pain,"['feel', 'muscle', 'pain', 'every', 'time', 'make', 'extra', 'effort']"
Back pain,"['love', 'garden', 'get', 'terrible', 'twinge', 'lower', 'back', 'lean']"
Hair falling out,"['itch', 'front', 'center', 'scalp']"
Hair falling out,"['every', 'time', 'comb', 'hair', 'many', 'hair', 'comb']"
Injury from sports,"['start', 'take', 'swim', 'lessons', 'guess', 'swallow', 'much', 'water', 'nose', 'sinusitis', 'kill']"
Blurry vision,"['watch', 'tv', 'suddenly', 'blurry', 'vision']"
Emotional pain,"['feel', 'pain', 'think']"
Infected wound,"['grandson', 'cut', 'foot', 'seashell', 'ocean', 'foot', 'turn', 'gray', 'puffy']"
Hair falling out,"['lose', 'lot', 'hair']"
Infected wound,"['son', 'squeeze', 'pimple', 'break', 'open', 'scab', 'look', 'like', 'infect']"
Infected wound,"['kee', 'swallow', 'indicate', 'infect', 'wind']"
Cough,"['lungs', 'feel', 'heavy', 'like', 'fill', 'mucus']"
Head ache,"['migrain', 'take', 'panadol', 'doesnt', 'help']"
Body feels weak,"['ive', 'always', 'active', 'dont', 'strength', 'energy', 'go', 'even', 'short', 'walk']"
Joint pain,"['feel', 'great', 'pain', 'shoulder', 'joint', 'go', 'away']"
Injury from sports,"['im', 'injure', 'cant', 'play', 'sport']"
Knee pain,"['pain', 'knee', 'swim']"
Foot ache,"['hard', 'work', 'day', 'foot', 'ache']"
Heart hurts,"['oh', 'heart', 'hurt', 'try', 'calm', 'cant']"
Muscle pain,"['arm', 'hurt', 'stretch']"
Internal pain,"['internal', 'pain', 'describe']"
Foot ache,"['love', 'walk', 'outside', 'bottom', 'feet', 'get', 'sore', 'quickly']"
Foot ache,"['step', 'needle', 'wouldnt', 'hurt', 'much', 'like', 'damn', 'spur', 'heel']"
Foot ache,"['nerve', 'damage', 'operation', 'ankle', 'stand', 'touch', 'scar']"
Neck pain,"['stiffness', 'inability', 'look', 'right', 'leave', 'except', 'move', 'whole', 'body']"
Heart hurts,"['severe', 'pain', 'upper', 'leave', 'side', 'chest', 'may', 'pain', 'back']"
Muscle pain,"['alot', 'exercise', 'yesterday', 'feel', 'sharp', 'muscle', 'pain']"
Infected wound,"['infect', 'wind', 'cause', 'fever']"
Knee pain,"['knees', 'swell', 'right', 'knee', 'cap', 'hurt', 'put', 'weight']"
Infected wound,"['hand', 'open', 'wind', 'get', 'infect']"
Shoulder pain,"['shoulder', 'ache', 'try', 'pick', 'laundry']"
Foot ache,"['cant', 'really', 'jump', 'leave', 'foot', 'triple', 'fracture', 'ankle', 'leave', 'neverending', 'pain']"
Feeling cold,"['get', 'warm', 'matter', 'much', 'wrap', 'high', 'put', 'heat']"
Hard to breath,"['morning', 'respiration', 'loud']"
Knee pain,"['knee', 'feel', 'weak', 'give', 'way', 'day', 'top', 'stairs', 'luckily', 'rail', 'hold']"
Feeling dizzy,"['head', 'spin', 'get']"
Stomach ache,"['cramp', 'along', 'whole', 'abdomen']"
Stomach ache,"['make', 'lot', 'lot', 'analysis', 'know', 'main', 'reason', 'stomach', 'ache']"
Infected wound,"['sore', 'look', 'like', 'heal', 'well']"
Hard to breath,"['difficulty', 'breathe', 'crowd', 'place']"
Injury from sports,"['play', 'basketball', 'yesterday', 'sprain', 'ankle']"
Foot ache,"['pain', 'foot']"
Body feels weak,"['sometimes', 'body', 'feel', 'week', 'without', 'reason']"
Acne,"['get', 'big', 'patch', 'irritate', 'pimples', 'back', 'hurt']"
Feeling cold,"['feel', 'cold', 'night', 'come']"
Body feels weak,"['ive', 'always', 'active', 'dont', 'strength', 'energy', 'go', 'even', 'short', 'walk']"
Shoulder pain,"['feel', 'great', 'pain', 'leave', 'shoulder']"
Head ache,"['feel', 'sharp', 'pain', 'head', 'think', 'hard']"
Hard to breath,"['dont', 'problems', 'take', 'breath', 'breath', 'heavy']"
Internal pain,"['internal', 'pain', 'whenever', 'come', 'cold']"
Ear ache,"['cold', 'last', 'time', 'travel', 'plane', 'still', 'discomfort', 'ears']"
Stomach ache,"['im', 'feel', 'nauseous']"
Feeling dizzy,"['get', 'feel', 'dizzy', 'fall']"
Head ache,"['head', 'hurt', 'im']"
Shoulder pain,"['feel', 'like', 'swell', 'knot', 'shoulderblade', 'pain', 'shoot']"
Shoulder pain,"['feel', 'shoulder', 'pain', 'intervals', 'time']"
Stomach ache,"['eat', 'feel', 'stomach', 'hurt']"
Hard to breath,"['grandmother', 'last', 'year', 'go', 'hospital', 'hard', 'time', 'breathe']"
Blurry vision,"['cant', 'see', 'sign', 'blurry', 'vision']"
Muscle pain,"['muscle', 'shoulder', 'burn', 'move', 'arm']"
Muscle pain,"['pain', 'trap']"
Back pain,"['upper', 'back', 'sore', 'week']"
Ear ache,"['itch', 'inside', 'ears']"
Neck pain,"['tingle', 'sensation', 'neck']"
Neck pain,"['cant', 'turn', 'neck', 'leave', 'without', 'feel', 'stab', 'pain']"
Acne,"['face', 'break', 'painful', 'red', 'spot', 'lump', 'matter', 'much', 'clean', 'face', 'dont', 'seem', 'go', 'away']"
Knee pain,"['walk', 'flight', 'stairs', 'right', 'knee', 'hurt']"
Blurry vision,"['im', 'drive', 'eye', 'see', 'double']"
Back pain,"['shoot', 'pain', 'back']"
Body feels weak,"['impression', 'strength', 'body']"
Knee pain,"['know', 'tear', 'meniscus', 'knee']"
Head ache,"['feel', 'like', 'someone', 'hit', 'head', 'hammer', 'feel', 'pain', 'top', 'head', 'throb']"
Heart hurts,"['pain', 'chest', 'sadden']"
Hard to breath,"['morning', 'respiration', 'loud']"
Infected wound,"['cut', 'red', 'swell']"
Hard to breath,"['ive', 'get', 'hard', 'time', 'breath', 'heart', 'attack']"
Head ache,"['head', 'hurt', 'whenever', 'try', 'something']"
Muscle pain,"['pain', 'feel', 'like', 'right', 'skin']"
Heart hurts,"['pain', 'radiate', 'chest', 'leave', 'arm']"
Acne,"['get', 'cluster', 'whiteheads', 'blackheads', 'back']"
Internal pain,"['discomfort', 'pain', 'felt', 'point', 'along', 'front', 'body', 'neck', 'upper', 'abdomen']"
Shoulder pain,"['feel', 'like', 'go', 'acupunctures', 'practice', '100', 'needle', 'shoulder']"
Shoulder pain,"['feel', 'shoulder', 'pain', 'intervals', 'time']"
Hair falling out,"['hair', 'fall', 'without', 'reason', 'see', 'lot', 'hair', 'work', 'desk']"
Body feels weak,"['cant', 'exercise', 'feel', 'weak']"
Ear ache,"['hear', 'loud', 'sound', 'make', 'ear', 'ache']"
Acne,"['pimples', 'face', 'bother', 'lot']"
Stomach ache,"['pain', 'stomach']"
Ear ache,"['start', 'tinnitus', 'today', 'pain', 'throb', 'unbearable']"
Neck pain,"['theres', 'swell', 'neck', 'hurt']"
Injury from sports,"['stop', 'sport', 'get', 'injury', 'sport']"
Feeling dizzy,"['sudden', 'felt', 'dizzy', 'stand']"
Infected wound,"['sore', 'look', 'like', 'heal', 'well']"
Cough,"['feel', 'congestion', 'chest']"
Skin issue,"['skin', 'itch']"
Joint pain,"['pain', 'joint']"
Shoulder pain,"['feel', 'like', 'go', 'acupunctures', 'practice', '100', 'needle', 'shoulder']"
Acne,"['acne', 'face']"
Shoulder pain,"['feel', 'great', 'amount', 'pressure', 'side', 'neck']"
Injury from sports,"['hit', 'grind', 'try', 'shoot', 'basketball']"
Injury from sports,"['may', 'overdo', 'weightlift', 'afraid', 'may', 'tear', 'muscle', 'back']"
Emotional pain,"['feel', 'emotionally', 'crush']"
Injury from sports,"['think', 'sprain', 'ankle', 'really', 'hurt']"
Feeling cold,"['get', 'chill', 'ache']"
Hair falling out,"['hair', 'fall', 'bunch']"
Ear ache,"['itch', 'inside', 'ears']"
Infected wound,"['cut', 'infect', 'heal']"
Emotional pain,"['feel', 'really', 'sad', 'time']"
Back pain,"['cant', 'stand', 'sit', 'pain', 'back', 'annoy']"
Shoulder pain,"['move', 'shoulder', 'pain', 'shoot', 'arm']"
Hard to breath,"['feel', 'something', 'hurt', 'take', 'breath', 'cant', 'take', 'breath']"
Emotional pain,"['feel', 'pain', 'think']"
Hard to breath,"['nose', 'congest', 'time', 'theres', 'gluey', 'secretion', 'throat', 'make', 'impossible', 'sleep', 'often', 'nap', 'sit']"
Shoulder pain,"['yesterday', 'shouder', 'pain']"
Stomach ache,"['get', 'find', 'stomach', 'ache', 'try', 'take', 'medecine', 'stomach', 'still', 'hurt']"
Neck pain,"['feel', 'pain', 'neck', 'wake']"
Internal pain,"['feel', 'pain', 'inside', 'know']"
Body feels weak,"['dont', 'energy', 'things', 'use']"
Internal pain,"['leave', 'side', 'ache', 'much']"
Ear ache,"['hear', 'loud', 'sound', 'make', 'ear', 'ache']"
Skin issue,"['get', 'see', 'skin', 'vague']"
Injury from sports,"['play', 'soccer', 'twist', 'ankle']"
Back pain,"['think', 'overdo', 'carry', 'lumber', 'yard', 'lower', 'back', 'kill']"
Blurry vision,"['blurry', 'vision', 'head', 'hit', 'yesterday']"
Skin issue,"['red', 'flush', 'accompany', 'itchy']"
Cough,"['whoop', 'cough', 'excess', 'mucous', 'need', 'mucolytic']"
Muscle pain,"['play', 'football', 'muscle', 'pain', 'legs']"
Hair falling out,"['notice', 'lot', 'hair', 'come', 'usual', 'brush', 'hair']"
Feeling cold,"['feel', 'cold', 'night', 'come']"
Stomach ache,"['cramp', 'along', 'whole', 'abdomen']"
Cough,"['feel', 'cough', 'increase', 'winter', 'reach']"
Shoulder pain,"['feel', 'great', 'amount', 'pressure', 'side', 'neck']"
Ear ache,"['ear', 'hurt', 'touch']"
Infected wound,"['wont', 'believe', 'infect', 'wind', 'hand', 'paper', 'cut', 'didnt', 'take', 'seriously']"
Back pain,"['pain', 'back', 'dwwls', 'like', 'sharp', 'knife']"
Acne,"['get', 'cluster', 'pimples', 'face', 'never', 'go', 'away']"
Neck pain,"['cant', 'move', 'head']"
Neck pain,"['pain', 'large', 'neck']"
Skin issue,"['red', 'spot', 'cheek', 'new']"
Joint pain,"['body', 'bad', 'case', 'need', 'good', 'treatment']"
Skin issue,"['skin', 'rash', 'eat', 'icecream']"
Feeling cold,"['temperature', 'drop', 'body', 'get', 'synosed']"
Internal pain,"['sharp', 'pain', 'abdomen']"
Hair falling out,"['im', 'need', 'treatment', 'hair', 'fall']"
Ear ache,"['sharp', 'pain', 'ear', 'whenever']"
Internal pain,"['sharp', 'pain', 'abdomen']"
Blurry vision,"['worry', 'drive', 'barely', 'focus', 'wheel', 'eye', 'feel', 'teary']"
Knee pain,"['cant', 'work', 'good', 'pain', 'knee']"
Skin issue,"['red', 'spot', 'cheek', 'new']"
Foot ache,"['first', 'feel', 'really', 'numb', 'thousand', 'needle', 'start', 'prick', 'foot']"
Body feels weak,"['feel', 'weak', 'body']"
Foot ache,"['walk', 'get', 'stab', 'pain', 'top', 'foot']"
Internal pain,"['dull', 'ache', 'stomach', 'get', 'worse', 'eat']"
Heart hurts,"['feel', 'strange', 'powerful', 'pain', 'inside', 'rib', 'cage']"
Hair falling out,"['use', 'hair', 'tonic']"
Injury from sports,"['long', 'scar', 'leave', 'buttock', 'fall', 'mountain', 'bike']"
Muscle pain,"['muscle', 'shoulder', 'burn', 'move', 'arm']"
Neck pain,"['complain', 'alot', 'neck', 'pain', 'really', 'need', 'better']"
Neck pain,"['neck', 'feel', 'stiff']"
Blurry vision,"['feel', 'pain', 'eye', 'see', 'fog']"
Feeling dizzy,"['feel', 'dizzy', 'sight']"
Injury from sports,"['think', 'sprain', 'ankle', 'really', 'hurt']"
Emotional pain,"['feel', 'really', 'sad', 'time']"
Hard to breath,"['problem', 'expiration', 'abronchial', 'asthma']"
Stomach ache,"['stomach', 'sore', 'since', 'yesterday']"
Emotional pain,"['heavy', 'breath', 'fatigue']"
Internal pain,"['head', 'pain', 'every', 'single', 'day']"
Emotional pain,"['feel', 'like', 'cant', 'cope', 'anymore', 'feel', 'overwhelm', 'like', 'cant', 'get', 'break']"
Skin issue,"['skin', 'rash', 'eat', 'icecream']"
Feeling cold,"['feel', 'chilly', 'like', 'ice', 'cube', 'sister', 'say', 'need', 'several', 'blanket', 'cover', 'warm', 'enough']"
Muscle pain,"['calve', 'feel', 'like', 'tight', 'knot', 'throb']"
Feeling cold,"['entire', 'body', 'freeze']"
Injury from sports,"['start', 'take', 'swim', 'lessons', 'guess', 'swallow', 'much', 'water', 'nose', 'sinusitis', 'kill']"
Acne,"['eruptions', 'face', 'come', 'go']"
Muscle pain,"['feel', 'muscle', 'pain', 'every', 'time', 'make', 'extra', 'effort']"
Shoulder pain,"['carry', 'heavy', 'bag', 'yesterday', 'get', 'today', 'felt', 'great', 'shoulder', 'pain']"
Blurry vision,"['blurry', 'vision', 'cant', 'see', 'darkness', 'reason', 'doctor']"
Infected wound,"['cut', 'infect', 'heal']"
Head ache,"['im', 'tire', 'feel', 'head', 'heavy']"
Neck pain,"['difficulty', 'move', 'neck']"
Back pain,"['back', 'hurt', 'much', 'cant', 'bend', 'tie', 'shoelaces']"
Acne,"['acne', 'face']"
Head ache,"['head', 'heavy', 'cant', 'think', 'normally']"
Skin issue,"['acne', 'face', 'problema', 'derma', 'like', 'itch']"
Ear ache,"['ear', 'ache', 'go', 'pool']"
Injury from sports,"['get', 'injure', 'exercise']"
Hard to breath,"['nose', 'congest', 'time', 'theres', 'gluey', 'secretion', 'throat', 'make', 'impossible', 'sleep', 'often', 'nap', 'sit']"
Blurry vision,"['blurry', 'vision', 'cant', 'see', 'darkness', 'reason', 'doctor']"
Hard to breath,"['feel', 'something', 'hurt', 'take', 'breath', 'cant', 'take', 'breath']"
Heart hurts,"['heart', 'hurt', 'exercise']"
Hair falling out,"['hair', 'fall', 'without', 'reason', 'see', 'lot', 'hair', 'work', 'desk']"
Neck pain,"['neck', 'hurt', 'cant', 'stand', 'pain']"
Hair falling out,"['use', 'hair', 'tonic']"
Stomach ache,"['feel', 'burn', 'sensation', 'gut', '2', 'hours', 'meal']"
Body feels weak,"['feel', 'dizzy', 'body', 'fragile']"
Neck pain,"['feel', 'pain', 'neck', 'im', 'work']"
Blurry vision,"['blur', 'vision']"
Head ache,"['feel', 'head', 'ache']"
Open wound,"['chop', 'tip', 'finger', 'cut', 'cardboard', 'stop', 'bleed']"
Emotional pain,"['disterbance', 'emotion']"
Emotional pain,"['think', 'parent', 'feel', 'pain']"
Ear ache,"['ear', 'hurt', 'badly']"
Shoulder pain,"['anytime', 'play', 'tennis', 'feel', 'shoulder', 'pain']"
Body feels weak,"['feel', 'weak']"
Knee pain,"['fell', 'bike', 'since', 'hard', 'knee', 'pain']"
Ear ache,"['sneeze', 'hard', 'feel', 'ear', 'ache']"
Muscle pain,"['feel', 'better', 'muscle']"
Infected wound,"['cut', 'foot', 'become', 'infect', 'use', 'shower', 'gym']"
Back pain,"['back', 'hurt', 'much', 'cant', 'bend', 'tie', 'shoelaces']"
Heart hurts,"['feel', 'like', 'heart', 'fire']"
Stomach ache,"['get', 'find', 'stomach', 'ache', 'try', 'take', 'medecine', 'stomach', 'still', 'hurt']"
Emotional pain,"['disterbance', 'emotion']"
Ear ache,"['ear', 'ache', 'shower']"
Head ache,"['cant', 'stand', 'feel', 'brain', 'move', 'inside', 'skull']"
Feeling dizzy,"['go', 'stand', 'head', 'start', 'swirl']"
Muscle pain,"['muscle', 'pain', 'leave', 'leg']"
Shoulder pain,"['lift', 'arm', 'soreness', 'shoulder']"
Joint pain,"['feel', 'click', 'sensation', 'knee', 'time', 'step']"
Heart hurts,"['heart', 'hurt', 'exercise']"
Foot ache,"['painful', 'cramp', 'feet']"
Ear ache,"['sneeze', 'hard', 'feel', 'ear', 'ache']"
Ear ache,"['ear', 'hurt', 'touch']"
Head ache,"['im', 'tire', 'feel', 'head', 'heavy']"
Neck pain,"['difficulty', 'move', 'neck']"
Emotional pain,"['feel', 'like', 'cant', 'cope', 'anymore', 'feel', 'overwhelm', 'like', 'cant', 'get', 'break']"
Feeling cold,"['feel', 'chilly', 'like', 'ice', 'cube', 'sister', 'say', 'need', 'several', 'blanket', 'cover', 'warm', 'enough']"
Heart hurts,"['feel', 'strange', 'powerful', 'pain', 'inside', 'rib', 'cage']"
Ear ache,"['ear', 'ache', 'go', 'pool']"
Shoulder pain,"['carry', 'heavy', 'bag', 'yesterday', 'get', 'today', 'felt', 'great', 'shoulder', 'pain']"
Joint pain,"['feel', 'click', 'sensation', 'knee', 'time', 'step']"
Blurry vision,"['notice', 'important', 'decrease', 'vision', 'try', 'look', 'things', 'close']"
Infected wound,"['wont', 'believe', 'infect', 'wind', 'hand', 'paper', 'cut', 'didnt', 'take', 'seriously']"
Skin issue,"['complain', 'alot', 'skin', 'allergy']"
Ear ache,"['severe', 'pain', 'ear']"
Stomach ache,"['feel', 'pain', 'stomach']"
Infected wound,"['surgical', 'wind', 'infections']"
Shoulder pain,"['anytime', 'play', 'tennis', 'feel', 'shoulder', 'pain']"
Body feels weak,"['feel', 'weak']"
Internal pain,"['internal', 'pain', 'describe']"
Shoulder pain,"['lift', 'arm', 'soreness', 'shoulder']"
Injury from sports,"['long', 'scar', 'leave', 'buttock', 'fall', 'mountain', 'bike']"
Neck pain,"['neck', 'hurt', 'cant', 'stand', 'pain']"
Hard to breath,"['feel', 'like', 'cant', 'take', 'deep', 'breath']"
Back pain,"['bend', 'get', 'shoot', 'pain', 'back']"
Hair falling out,"['try', 'take', 'care', 'hair', 'find', 'fall']"
Internal pain,"['leave', 'side', 'ache', 'much']"
Feeling cold,"['know', 'feel', 'cold']"
Knee pain,"['redness', 'swell', 'difficulty', 'walk']"
Heart hurts,"['feel', 'pain', 'leave', 'side', 'chest', 'heart']"
Internal pain,"['chest', 'hurt', 'smoke']"
Hard to breath,"['feel', 'hard', 'breathe']"
Body feels weak,"['feel', 'weak']"
Infected wound,"['wind', 'infect', 'plant', 'flower', 'garden']"
Open wound,"['laceration', 'rupture', 'open', 'skin']"
Knee pain,"['redness', 'swell', 'difficulty', 'walk']"
Injury from sports,"['hve', 'cut', 'finger', 'play', 'football', 'apply', 'pain', 'relief', 'cream', 'help']"
Infected wound,"['surgical', 'wind', 'infections']"
Shoulder pain,"['much', 'pain', 'move', 'arm']"
Feeling cold,"['feel', 'cold', 'although', 'summer']"
Acne,"['face', 'break', 'painful', 'red', 'spot', 'lump', 'matter', 'much', 'clean', 'face', 'dont', 'seem', 'go', 'away']"
Heart hurts,"['feel', 'like', 'heart', 'fire']"
Acne,"['get', 'cluster', 'whiteheads', 'blackheads', 'back']"
